Run,Generation,BestSoFar,BestInGeneration,MeanCycle
1,1,28.0,28.0,30.19
1,2,28.0,28.0,30.022222222222222
1,3,28.0,28.0,29.923076923076923
1,4,28.0,28.0,29.863636363636363
1,5,28.0,28.0,29.61627906976744
1,6,28.0,28.0,29.5375
1,7,28.0,28.0,29.435294117647057
1,8,28.0,28.0,29.528735632183906
1,9,28.0,28.0,29.42168674698795
1,10,28.0,28.0,29.388235294117646
1,11,28.0,28.0,29.452380952380953
1,12,28.0,28.0,29.32183908045977
1,13,28.0,28.0,29.392857142857142
1,14,28.0,28.0,29.25581395348837
1,15,28.0,28.0,29.452380952380953
1,16,28.0,28.0,29.4
1,17,28.0,28.0,29.358974358974358
1,18,28.0,28.0,29.31111111111111
1,19,28.0,28.0,29.229885057471265
1,20,28.0,28.0,29.263736263736263
1,21,28.0,28.0,29.235955056179776
1,22,28.0,28.0,29.183908045977013
1,23,28.0,28.0,29.178571428571427
1,24,28.0,28.0,29.25581395348837
1,25,28.0,28.0,29.31111111111111
1,26,28.0,28.0,29.253012048192772
1,27,28.0,28.0,29.27848101265823
1,28,28.0,28.0,29.296296296296298
1,29,28.0,28.0,29.17948717948718
1,30,28.0,28.0,29.12
1,31,28.0,28.0,29.103896103896105
1,32,28.0,28.0,29.073170731707318
1,33,28.0,28.0,29.211764705882352
1,34,28.0,28.0,29.146341463414632
1,35,28.0,28.0,29.214285714285715
1,36,28.0,28.0,29.261363636363637
1,37,28.0,28.0,29.30952380952381
1,38,28.0,28.0,29.109756097560975
1,39,28.0,28.0,29.044444444444444
1,40,28.0,28.0,29.24137931034483
1,41,28.0,28.0,29.436781609195403
1,42,28.0,28.0,29.19047619047619
1,43,28.0,28.0,29.11764705882353
1,44,28.0,28.0,29.141176470588235
1,45,28.0,28.0,29.08433734939759
1,46,28.0,28.0,29.11111111111111
1,47,28.0,28.0,29.141025641025642
1,48,28.0,28.0,29.132530120481928
1,49,28.0,28.0,29.049382716049383
1,50,28.0,28.0,29.2183908045977
1,51,28.0,28.0,29.226190476190474
1,52,28.0,28.0,29.229885057471265
1,53,28.0,28.0,29.38095238095238
1,54,28.0,28.0,29.455555555555556
1,55,28.0,28.0,29.329268292682926
1,56,28.0,28.0,29.382022471910112
1,57,28.0,28.0,29.488095238095237
1,58,28.0,28.0,29.441558441558442
1,59,28.0,28.0,29.50588235294118
1,60,28.0,28.0,29.295454545454547
1,61,28.0,28.0,29.49411764705882
1,62,28.0,28.0,29.457831325301203
1,63,28.0,28.0,29.3125
1,64,28.0,28.0,29.455555555555556
1,65,28.0,28.0,29.38095238095238
1,66,28.0,28.0,29.475
1,67,28.0,28.0,29.320987654320987
1,68,28.0,28.0,29.29268292682927
1,69,28.0,28.0,29.44047619047619
1,70,28.0,28.0,29.488636363636363
1,71,28.0,28.0,29.481927710843372
1,72,28.0,28.0,29.317073170731707
1,73,28.0,28.0,29.202380952380953
1,74,28.0,28.0,29.176470588235293
1,75,28.0,28.0,29.34065934065934
1,76,28.0,28.0,29.38372093023256
1,77,28.0,28.0,29.354430379746834
1,78,28.0,28.0,29.318181818181817
1,79,28.0,28.0,29.174418604651162
1,80,28.0,28.0,29.156626506024097
1,81,28.0,28.0,29.228915662650603
1,82,28.0,28.0,29.182926829268293
1,83,28.0,28.0,29.233333333333334
1,84,28.0,28.0,29.181818181818183
1,85,28.0,28.0,29.329268292682926
1,86,28.0,28.0,29.23076923076923
1,87,28.0,28.0,29.25287356321839
1,88,28.0,28.0,29.17241379310345
1,89,28.0,28.0,29.392857142857142
1,90,28.0,28.0,29.348837209302324
1,91,28.0,28.0,29.413793103448278
1,92,28.0,28.0,29.462365591397848
1,93,28.0,28.0,29.325581395348838
1,94,28.0,28.0,29.397435897435898
1,95,28.0,28.0,29.344444444444445
1,96,28.0,28.0,29.341463414634145
1,97,28.0,28.0,29.42168674698795
1,98,28.0,28.0,29.318181818181817
1,99,28.0,28.0,29.388235294117646
1,100,28.0,28.0,29.25287356321839
1,101,28.0,28.0,29.34090909090909
1,102,28.0,28.0,29.370786516853933
1,103,28.0,28.0,29.367816091954023
1,104,28.0,28.0,29.183908045977013
1,105,28.0,28.0,29.305882352941175
1,106,28.0,28.0,29.141176470588235
1,107,28.0,28.0,29.141176470588235
1,108,28.0,28.0,29.21794871794872
1,109,28.0,28.0,29.294871794871796
1,110,28.0,28.0,29.1875
1,111,28.0,28.0,29.166666666666668
1,112,28.0,28.0,29.154761904761905
1,113,28.0,28.0,29.076923076923077
1,114,28.0,28.0,29.156626506024097
1,115,28.0,28.0,29.273809523809526
1,116,28.0,28.0,29.193181818181817
1,117,28.0,28.0,29.13095238095238
1,118,28.0,28.0,29.305882352941175
1,119,28.0,28.0,29.456521739130434
1,120,28.0,28.0,29.51086956521739
1,121,28.0,28.0,29.458823529411763
1,122,28.0,28.0,29.348837209302324
1,123,28.0,28.0,29.372093023255815
1,124,28.0,28.0,29.64516129032258
1,125,28.0,28.0,29.63953488372093
1,126,28.0,28.0,29.5
1,127,28.0,28.0,29.38372093023256
1,128,28.0,28.0,29.430232558139537
1,129,28.0,28.0,29.423076923076923
1,130,28.0,28.0,29.258823529411764
1,131,28.0,28.0,29.24418604651163
1,132,28.0,28.0,29.305882352941175
1,133,28.0,28.0,29.441860465116278
1,134,28.0,28.0,29.388235294117646
1,135,28.0,28.0,29.49438202247191
1,136,28.0,28.0,29.53932584269663
1,137,28.0,28.0,29.44943820224719
1,138,28.0,28.0,29.404761904761905
1,139,28.0,28.0,29.25
1,140,28.0,28.0,29.240506329113924
1,141,28.0,28.0,28.936708860759495
1,142,28.0,28.0,28.96470588235294
1,143,28.0,28.0,29.130434782608695
1,144,28.0,28.0,29.227272727272727
1,145,28.0,28.0,29.261363636363637
1,146,28.0,28.0,29.25581395348837
1,147,28.0,28.0,29.25609756097561
1,148,28.0,28.0,29.240963855421686
1,149,28.0,28.0,29.223529411764705
1,150,28.0,28.0,29.095238095238095
1,151,28.0,28.0,29.0
1,152,28.0,28.0,29.069767441860463
1,153,28.0,28.0,29.058823529411764
1,154,28.0,28.0,29.153846153846153
1,155,28.0,28.0,29.166666666666668
1,156,28.0,28.0,29.28395061728395
1,157,28.0,28.0,29.271604938271604
1,158,28.0,28.0,29.209876543209877
1,159,28.0,28.0,29.073170731707318
1,160,28.0,28.0,29.048780487804876
1,161,28.0,28.0,29.0625
1,162,28.0,28.0,29.271604938271604
1,163,28.0,28.0,29.271604938271604
1,164,28.0,28.0,29.292134831460675
1,165,28.0,28.0,29.41176470588235
1,166,28.0,28.0,29.453488372093023
1,167,28.0,28.0,29.477777777777778
1,168,28.0,28.0,29.420454545454547
1,169,28.0,28.0,29.3
1,170,28.0,28.0,29.39325842696629
1,171,28.0,28.0,29.41111111111111
1,172,28.0,28.0,29.38095238095238
1,173,28.0,28.0,29.25609756097561
1,174,28.0,28.0,29.304878048780488
1,175,28.0,28.0,29.142857142857142
1,176,28.0,28.0,29.28409090909091
1,177,28.0,28.0,29.295454545454547
1,178,28.0,28.0,29.204545454545453
1,179,28.0,28.0,29.393617021276597
1,180,28.0,28.0,29.25
1,181,28.0,28.0,29.134831460674157
1,182,28.0,28.0,29.319148936170212
1,183,28.0,28.0,29.270588235294117
1,184,28.0,28.0,29.347826086956523
1,185,28.0,28.0,29.372093023255815
1,186,28.0,28.0,29.3375
1,187,28.0,28.0,29.372093023255815
1,188,28.0,28.0,29.341463414634145
1,189,28.0,28.0,29.32941176470588
1,190,28.0,28.0,29.402298850574713
1,191,28.0,28.0,29.357142857142858
1,192,28.0,28.0,29.329545454545453
1,193,28.0,28.0,29.352272727272727
1,194,28.0,28.0,29.136363636363637
1,195,28.0,28.0,29.21978021978022
1,196,28.0,28.0,29.183908045977013
1,197,28.0,28.0,29.3953488372093
1,198,28.0,28.0,29.377777777777776
1,199,28.0,28.0,29.25581395348837
1,200,28.0,28.0,29.28735632183908
1,201,28.0,28.0,29.28409090909091
1,202,28.0,28.0,29.477272727272727
1,203,28.0,28.0,29.458823529411763
1,204,28.0,28.0,29.49411764705882
1,205,28.0,28.0,29.395061728395063
1,206,28.0,28.0,29.2
1,207,28.0,28.0,29.098765432098766
1,208,28.0,28.0,29.071428571428573
1,209,28.0,28.0,29.061728395061728
1,210,28.0,28.0,29.047619047619047
1,211,28.0,28.0,29.24390243902439
1,212,28.0,28.0,29.141025641025642
1,213,28.0,28.0,29.235955056179776
1,214,28.0,28.0,29.36263736263736
1,215,28.0,28.0,29.545454545454547
1,216,28.0,28.0,29.448275862068964
1,217,28.0,28.0,29.39080459770115
1,218,28.0,28.0,29.417721518987342
1,219,28.0,28.0,29.225
1,220,28.0,28.0,29.214285714285715
1,221,28.0,28.0,29.19047619047619
1,222,28.0,28.0,29.0561797752809
1,223,28.0,28.0,29.183908045977013
1,224,28.0,28.0,29.13095238095238
1,225,28.0,28.0,29.2
1,226,28.0,28.0,29.19047619047619
1,227,28.0,28.0,29.204819277108435
1,228,28.0,28.0,29.26086956521739
1,229,28.0,28.0,29.333333333333332
1,230,28.0,28.0,29.209302325581394
1,231,28.0,28.0,29.235294117647058
1,232,28.0,28.0,29.333333333333332
1,233,28.0,28.0,29.051948051948052
1,234,28.0,28.0,29.293478260869566
1,235,28.0,28.0,29.296296296296298
1,236,28.0,28.0,29.39240506329114
1,237,28.0,28.0,29.20689655172414
1,238,28.0,28.0,29.273809523809526
1,239,28.0,28.0,29.487179487179485
1,240,28.0,28.0,29.341463414634145
1,241,28.0,28.0,29.346666666666668
1,242,28.0,28.0,29.345238095238095
1,243,28.0,28.0,29.31764705882353
1,244,28.0,28.0,29.313953488372093
1,245,28.0,28.0,29.346153846153847
1,246,28.0,28.0,29.305882352941175
1,247,28.0,28.0,29.223529411764705
1,248,28.0,28.0,29.17391304347826
1,249,28.0,28.0,29.24175824175824
1,250,28.0,28.0,29.321428571428573
2,1,29.0,29.0,30.28
2,2,29.0,29.0,30.102272727272727
2,3,29.0,29.0,30.0752688172043
2,4,28.0,28.0,29.951807228915662
2,5,28.0,28.0,30.022988505747126
2,6,28.0,28.0,29.908045977011493
2,7,28.0,28.0,29.956043956043956
2,8,28.0,28.0,29.988888888888887
2,9,28.0,28.0,29.95402298850575
2,10,28.0,28.0,29.870588235294118
2,11,28.0,28.0,29.675
2,12,28.0,28.0,29.544303797468356
2,13,28.0,28.0,29.55952380952381
2,14,28.0,28.0,29.55421686746988
2,15,28.0,28.0,29.528735632183906
2,16,28.0,28.0,29.544444444444444
2,17,28.0,28.0,29.4390243902439
2,18,28.0,28.0,29.329113924050635
2,19,28.0,28.0,29.37037037037037
2,20,28.0,28.0,29.352941176470587
2,21,28.0,28.0,29.546666666666667
2,22,28.0,28.0,29.423076923076923
2,23,28.0,28.0,29.44705882352941
2,24,28.0,28.0,29.613636363636363
2,25,28.0,28.0,29.517241379310345
2,26,28.0,28.0,29.397590361445783
2,27,28.0,28.0,29.556818181818183
2,28,28.0,28.0,29.341463414634145
2,29,28.0,28.0,29.39240506329114
2,30,28.0,28.0,29.48235294117647
2,31,28.0,28.0,29.57777777777778
2,32,28.0,28.0,29.481927710843372
2,33,28.0,28.0,29.325301204819276
2,34,28.0,28.0,29.541176470588237
2,35,28.0,28.0,29.40740740740741
2,36,28.0,28.0,29.50561797752809
2,37,28.0,28.0,29.413793103448278
2,38,28.0,28.0,29.315217391304348
2,39,28.0,28.0,29.35632183908046
2,40,28.0,28.0,29.423529411764704
2,41,28.0,28.0,29.530864197530864
2,42,28.0,28.0,29.566265060240966
2,43,28.0,28.0,29.53846153846154
2,44,28.0,28.0,29.453333333333333
2,45,28.0,28.0,29.789473684210527
2,46,28.0,28.0,29.675
2,47,28.0,28.0,29.55294117647059
2,48,28.0,28.0,29.46987951807229
2,49,28.0,28.0,29.5875
2,50,28.0,28.0,29.23170731707317
2,51,28.0,28.0,29.457831325301203
2,52,28.0,28.0,29.348314606741575
2,53,28.0,28.0,29.58888888888889
2,54,28.0,28.0,29.371794871794872
2,55,28.0,28.0,29.48780487804878
2,56,28.0,28.0,29.55128205128205
2,57,28.0,28.0,29.379746835443036
2,58,28.0,28.0,29.375
2,59,28.0,28.0,29.426966292134832
2,60,28.0,28.0,29.49397590361446
2,61,28.0,28.0,29.50588235294118
2,62,28.0,28.0,29.528735632183906
2,63,28.0,28.0,29.39240506329114
2,64,28.0,28.0,29.443037974683545
2,65,28.0,28.0,29.35
2,66,28.0,28.0,29.42222222222222
2,67,28.0,28.0,29.51764705882353
2,68,28.0,28.0,29.529411764705884
2,69,28.0,28.0,29.615384615384617
2,70,28.0,28.0,29.493827160493826
2,71,28.0,28.0,29.40740740740741
2,72,28.0,28.0,29.32941176470588
2,73,28.0,28.0,29.529411764705884
2,74,28.0,28.0,29.50602409638554
2,75,28.0,28.0,29.365853658536587
2,76,28.0,28.0,29.397590361445783
2,77,28.0,28.0,29.417721518987342
2,78,28.0,28.0,29.428571428571427
2,79,28.0,28.0,29.36144578313253
2,80,28.0,28.0,29.511363636363637
2,81,28.0,28.0,29.518072289156628
2,82,28.0,28.0,29.369565217391305
2,83,28.0,28.0,29.443181818181817
2,84,28.0,28.0,29.488636363636363
2,85,28.0,28.0,29.51851851851852
2,86,28.0,28.0,29.522727272727273
2,87,28.0,28.0,29.571428571428573
2,88,28.0,28.0,29.67058823529412
2,89,28.0,28.0,29.810126582278482
2,90,28.0,28.0,29.71264367816092
2,91,28.0,28.0,29.68235294117647
2,92,28.0,28.0,29.74074074074074
2,93,28.0,28.0,29.670731707317074
2,94,28.0,28.0,29.919540229885058
2,95,28.0,28.0,29.85542168674699
2,96,28.0,28.0,29.759493670886076
2,97,28.0,28.0,29.61627906976744
2,98,28.0,28.0,29.593023255813954
2,99,28.0,28.0,29.620689655172413
2,100,28.0,28.0,29.477777777777778
2,101,28.0,28.0,29.36470588235294
2,102,28.0,28.0,29.294117647058822
2,103,28.0,28.0,29.32941176470588
2,104,28.0,28.0,29.435294117647057
2,105,28.0,28.0,29.511627906976745
2,106,28.0,28.0,29.575
2,107,28.0,28.0,29.451219512195124
2,108,28.0,28.0,29.44578313253012
2,109,28.0,28.0,29.307692307692307
2,110,28.0,28.0,29.523809523809526
2,111,28.0,28.0,29.481012658227847
2,112,28.0,28.0,29.435294117647057
2,113,28.0,28.0,29.3125
2,114,28.0,28.0,29.44705882352941
2,115,28.0,28.0,29.546511627906977
2,116,28.0,28.0,29.65934065934066
2,117,28.0,28.0,29.556818181818183
2,118,28.0,28.0,29.617283950617285
2,119,28.0,28.0,29.511363636363637
2,120,28.0,28.0,29.50574712643678
2,121,28.0,28.0,29.573170731707318
2,122,28.0,28.0,29.384615384615383
2,123,28.0,28.0,29.261904761904763
2,124,28.0,28.0,29.348837209302324
2,125,28.0,28.0,29.3855421686747
2,126,28.0,28.0,29.451219512195124
2,127,28.0,28.0,29.29268292682927
2,128,28.0,28.0,29.263157894736842
2,129,28.0,28.0,29.209302325581394
2,130,28.0,28.0,29.229885057471265
2,131,28.0,28.0,29.180722891566266
2,132,28.0,28.0,29.317073170731707
2,133,28.0,28.0,29.276315789473685
2,134,28.0,28.0,29.44047619047619
2,135,28.0,28.0,29.384615384615383
2,136,28.0,28.0,29.346153846153847
2,137,28.0,28.0,29.358024691358025
2,138,28.0,28.0,29.28235294117647
2,139,28.0,28.0,29.333333333333332
2,140,28.0,28.0,29.40506329113924
2,141,28.0,28.0,29.358974358974358
2,142,28.0,28.0,29.317073170731707
2,143,28.0,28.0,29.121951219512194
2,144,28.0,28.0,29.166666666666668
2,145,28.0,28.0,29.444444444444443
2,146,28.0,28.0,29.373493975903614
2,147,28.0,28.0,29.6
2,148,28.0,28.0,29.45
2,149,28.0,28.0,29.46590909090909
2,150,28.0,28.0,29.53125
2,151,28.0,28.0,29.60919540229885
2,152,28.0,28.0,29.602272727272727
2,153,28.0,28.0,29.555555555555557
2,154,28.0,28.0,29.397727272727273
2,155,28.0,28.0,29.28235294117647
2,156,28.0,28.0,29.36046511627907
2,157,28.0,28.0,29.533333333333335
2,158,28.0,28.0,29.443181818181817
2,159,28.0,28.0,29.457831325301203
2,160,28.0,28.0,29.4375
2,161,28.0,28.0,29.50574712643678
2,162,28.0,28.0,29.372093023255815
2,163,28.0,28.0,29.439560439560438
2,164,28.0,28.0,29.397590361445783
2,165,28.0,28.0,29.586206896551722
2,166,28.0,28.0,29.536585365853657
2,167,28.0,28.0,29.357142857142858
2,168,28.0,28.0,29.261363636363637
2,169,28.0,28.0,29.21951219512195
2,170,28.0,28.0,29.20689655172414
2,171,28.0,28.0,29.415730337078653
2,172,28.0,28.0,29.392857142857142
2,173,28.0,28.0,29.31764705882353
2,174,28.0,28.0,29.160919540229884
2,175,28.0,28.0,29.313953488372093
2,176,28.0,28.0,29.29268292682927
2,177,28.0,28.0,29.481927710843372
2,178,28.0,28.0,29.454545454545453
2,179,28.0,28.0,29.297619047619047
2,180,28.0,28.0,29.444444444444443
2,181,28.0,28.0,29.46067415730337
2,182,28.0,28.0,29.55
2,183,28.0,28.0,29.471264367816094
2,184,28.0,28.0,29.544444444444444
2,185,28.0,28.0,29.476190476190474
2,186,28.0,28.0,29.623529411764707
2,187,28.0,28.0,29.563218390804597
2,188,28.0,28.0,29.4875
2,189,28.0,28.0,29.532467532467532
2,190,28.0,28.0,29.666666666666668
2,191,28.0,28.0,29.759036144578314
2,192,28.0,28.0,29.55
2,193,28.0,28.0,29.533333333333335
2,194,28.0,28.0,29.536585365853657
2,195,28.0,28.0,29.586206896551722
2,196,28.0,28.0,29.567901234567902
2,197,28.0,28.0,29.48780487804878
2,198,28.0,28.0,29.666666666666668
2,199,28.0,28.0,29.55056179775281
2,200,28.0,28.0,29.568181818181817
2,201,28.0,28.0,29.627906976744185
2,202,28.0,28.0,29.633333333333333
2,203,28.0,28.0,29.58888888888889
2,204,28.0,28.0,29.528089887640448
2,205,28.0,28.0,29.55294117647059
2,206,28.0,28.0,29.522727272727273
2,207,28.0,28.0,29.47826086956522
2,208,28.0,28.0,29.634408602150536
2,209,28.0,28.0,29.533333333333335
2,210,28.0,28.0,29.60674157303371
2,211,28.0,28.0,29.39240506329114
2,212,28.0,28.0,29.529411764705884
2,213,28.0,28.0,29.467532467532468
2,214,28.0,28.0,29.532467532467532
2,215,28.0,28.0,29.357142857142858
2,216,28.0,28.0,29.39080459770115
2,217,28.0,28.0,29.45679012345679
2,218,28.0,28.0,29.419753086419753
2,219,28.0,28.0,29.325
2,220,28.0,28.0,29.354430379746834
2,221,28.0,28.0,29.382716049382715
2,222,28.0,28.0,29.45679012345679
2,223,28.0,28.0,29.34090909090909
2,224,28.0,28.0,29.41176470588235
2,225,28.0,28.0,29.5
2,226,28.0,28.0,29.467391304347824
2,227,28.0,28.0,29.359550561797754
2,228,28.0,28.0,29.53488372093023
2,229,28.0,28.0,29.55952380952381
2,230,28.0,28.0,29.333333333333332
2,231,28.0,28.0,29.511627906976745
2,232,28.0,28.0,29.526315789473685
2,233,28.0,28.0,29.56179775280899
2,234,28.0,28.0,29.585365853658537
2,235,28.0,28.0,29.558441558441558
2,236,28.0,28.0,29.6375
2,237,28.0,28.0,29.5609756097561
2,238,28.0,28.0,29.5
2,239,28.0,28.0,29.49397590361446
2,240,28.0,28.0,29.40909090909091
2,241,28.0,28.0,29.467391304347824
2,242,28.0,28.0,29.568181818181817
2,243,28.0,28.0,29.633333333333333
2,244,28.0,28.0,29.523809523809526
2,245,28.0,28.0,29.376470588235293
2,246,28.0,28.0,29.325
2,247,28.0,28.0,29.290697674418606
2,248,28.0,28.0,29.273809523809526
2,249,28.0,28.0,29.341176470588234
2,250,28.0,28.0,29.16
3,1,29.0,29.0,30.38
3,2,29.0,29.0,30.083333333333332
3,3,29.0,29.0,30.0
3,4,29.0,29.0,29.978021978021978
3,5,28.0,28.0,29.95
3,6,28.0,28.0,29.862068965517242
3,7,28.0,28.0,29.662650602409638
3,8,28.0,28.0,29.68235294117647
3,9,28.0,28.0,29.5
3,10,28.0,28.0,29.59550561797753
3,11,28.0,28.0,29.61111111111111
3,12,28.0,28.0,29.55294117647059
3,13,28.0,28.0,29.5875
3,14,28.0,28.0,29.55128205128205
3,15,28.0,28.0,29.566666666666666
3,16,28.0,28.0,29.522222222222222
3,17,28.0,28.0,29.569620253164558
3,18,28.0,28.0,29.576923076923077
3,19,28.0,28.0,29.39240506329114
3,20,28.0,28.0,29.4125
3,21,28.0,28.0,29.582278481012658
3,22,28.0,28.0,29.23076923076923
3,23,28.0,28.0,29.261904761904763
3,24,28.0,28.0,29.26923076923077
3,25,28.0,28.0,29.454545454545453
3,26,28.0,28.0,29.443181818181817
3,27,28.0,28.0,29.413793103448278
3,28,28.0,28.0,29.59550561797753
3,29,28.0,28.0,29.525
3,30,28.0,28.0,29.505494505494507
3,31,28.0,28.0,29.67032967032967
3,32,28.0,28.0,29.523809523809526
3,33,28.0,28.0,29.464285714285715
3,34,28.0,28.0,29.518072289156628
3,35,28.0,28.0,29.38888888888889
3,36,28.0,28.0,29.2
3,37,28.0,28.0,29.10843373493976
3,38,28.0,28.0,29.204545454545453
3,39,28.0,28.0,29.16470588235294
3,40,28.0,28.0,29.363636363636363
3,41,28.0,28.0,29.33695652173913
3,42,28.0,28.0,29.24418604651163
3,43,28.0,28.0,29.375
3,44,28.0,28.0,29.511363636363637
3,45,28.0,28.0,29.597701149425287
3,46,28.0,28.0,29.558139534883722
3,47,28.0,28.0,29.602272727272727
3,48,28.0,28.0,29.488888888888887
3,49,28.0,28.0,29.60674157303371
3,50,28.0,28.0,29.693181818181817
3,51,28.0,28.0,29.634146341463413
3,52,28.0,28.0,29.59550561797753
3,53,28.0,28.0,29.573033707865168
3,54,28.0,28.0,29.61627906976744
3,55,28.0,28.0,29.58139534883721
3,56,28.0,28.0,29.735632183908045
3,57,28.0,28.0,29.65
3,58,28.0,28.0,29.617283950617285
3,59,28.0,28.0,29.522222222222222
3,60,28.0,28.0,29.576470588235296
3,61,28.0,28.0,29.547619047619047
3,62,28.0,28.0,29.602272727272727
3,63,28.0,28.0,29.75581395348837
3,64,28.0,28.0,29.63095238095238
3,65,28.0,28.0,29.53846153846154
3,66,28.0,28.0,29.40506329113924
3,67,28.0,28.0,29.441558441558442
3,68,28.0,28.0,29.506493506493506
3,69,28.0,28.0,29.395061728395063
3,70,28.0,28.0,29.261904761904763
3,71,28.0,28.0,29.174418604651162
3,72,28.0,28.0,29.235294117647058
3,73,28.0,28.0,29.31764705882353
3,74,28.0,28.0,29.4390243902439
3,75,28.0,28.0,29.49397590361446
3,76,28.0,28.0,29.556818181818183
3,77,28.0,28.0,29.348314606741575
3,78,28.0,28.0,29.436781609195403
3,79,28.0,28.0,29.272727272727273
3,80,28.0,28.0,29.397727272727273
3,81,28.0,28.0,29.352941176470587
3,82,28.0,28.0,29.537634408602152
3,83,28.0,28.0,29.35632183908046
3,84,28.0,28.0,29.602272727272727
3,85,28.0,28.0,29.523809523809526
3,86,28.0,28.0,29.59090909090909
3,87,28.0,28.0,29.71764705882353
3,88,28.0,28.0,29.565217391304348
3,89,28.0,28.0,29.571428571428573
3,90,28.0,28.0,29.59036144578313
3,91,28.0,28.0,29.414634146341463
3,92,28.0,28.0,29.53932584269663
3,93,28.0,28.0,29.433734939759034
3,94,28.0,28.0,29.4
3,95,28.0,28.0,29.395061728395063
3,96,28.0,28.0,29.40740740740741
3,97,28.0,28.0,29.36046511627907
3,98,28.0,28.0,29.261904761904763
3,99,28.0,28.0,29.443181818181817
3,100,28.0,28.0,29.42528735632184
3,101,28.0,28.0,29.325301204819276
3,102,28.0,28.0,29.45679012345679
3,103,28.0,28.0,29.22222222222222
3,104,28.0,28.0,29.341772151898734
3,105,28.0,28.0,29.6046511627907
3,106,28.0,28.0,29.633333333333333
3,107,28.0,28.0,29.39325842696629
3,108,28.0,28.0,29.51685393258427
3,109,28.0,28.0,29.36046511627907
3,110,28.0,28.0,29.392857142857142
3,111,28.0,28.0,29.275862068965516
3,112,28.0,28.0,29.39325842696629
3,113,28.0,28.0,29.36046511627907
3,114,28.0,28.0,29.318181818181817
3,115,28.0,28.0,29.448275862068964
3,116,28.0,28.0,29.388235294117646
3,117,28.0,28.0,29.546511627906977
3,118,28.0,28.0,29.46590909090909
3,119,28.0,28.0,29.685393258426966
3,120,28.0,28.0,29.517241379310345
3,121,28.0,28.0,29.511627906976745
3,122,28.0,28.0,29.61627906976744
3,123,28.0,28.0,29.54022988505747
3,124,28.0,28.0,29.471264367816094
3,125,28.0,28.0,29.541176470588237
3,126,28.0,28.0,29.658227848101266
3,127,28.0,28.0,29.613636363636363
3,128,28.0,28.0,29.697674418604652
3,129,28.0,28.0,29.71764705882353
3,130,28.0,28.0,29.547619047619047
3,131,28.0,28.0,29.50602409638554
3,132,28.0,28.0,29.61904761904762
3,133,28.0,28.0,29.80722891566265
3,134,28.0,28.0,29.691358024691358
3,135,28.0,28.0,29.696202531645568
3,136,28.0,28.0,29.477272727272727
3,137,28.0,28.0,29.430232558139537
3,138,28.0,28.0,29.435294117647057
3,139,28.0,28.0,29.46987951807229
3,140,28.0,28.0,29.329268292682926
3,141,28.0,28.0,29.292134831460675
3,142,28.0,28.0,29.36046511627907
3,143,28.0,28.0,29.436781609195403
3,144,28.0,28.0,29.367816091954023
3,145,28.0,28.0,29.347826086956523
3,146,28.0,28.0,29.443181818181817
3,147,28.0,28.0,29.505494505494507
3,148,28.0,28.0,29.511904761904763
3,149,28.0,28.0,29.38888888888889
3,150,28.0,28.0,29.42222222222222
3,151,28.0,28.0,29.59259259259259
3,152,28.0,28.0,29.50602409638554
3,153,28.0,28.0,29.28205128205128
3,154,28.0,28.0,29.253164556962027
3,155,28.0,28.0,29.471910112359552
3,156,28.0,28.0,29.388235294117646
3,157,28.0,28.0,29.55294117647059
3,158,28.0,28.0,29.744444444444444
3,159,28.0,28.0,29.725
3,160,28.0,28.0,29.634146341463413
3,161,28.0,28.0,29.632183908045977
3,162,28.0,28.0,29.685393258426966
3,163,28.0,28.0,29.705882352941178
3,164,28.0,28.0,29.642857142857142
3,165,28.0,28.0,29.75
3,166,28.0,28.0,29.57831325301205
3,167,28.0,28.0,29.513157894736842
3,168,28.0,28.0,29.27027027027027
3,169,28.0,28.0,29.52
3,170,28.0,28.0,29.632911392405063
3,171,28.0,28.0,29.4
3,172,28.0,28.0,29.476744186046513
3,173,28.0,28.0,29.494505494505493
3,174,28.0,28.0,29.44705882352941
3,175,28.0,28.0,29.345238095238095
3,176,28.0,28.0,29.22222222222222
3,177,28.0,28.0,29.2625
3,178,28.0,28.0,29.425
3,179,28.0,28.0,29.358024691358025
3,180,28.0,28.0,29.296296296296298
3,181,28.0,28.0,29.265060240963855
3,182,28.0,28.0,29.313253012048193
3,183,28.0,28.0,29.211764705882352
3,184,28.0,28.0,29.35632183908046
3,185,28.0,28.0,29.224719101123597
3,186,28.0,28.0,29.21276595744681
3,187,28.0,28.0,29.434782608695652
3,188,28.0,28.0,29.08
3,189,28.0,28.0,29.24418604651163
3,190,28.0,28.0,29.404761904761905
3,191,28.0,28.0,29.571428571428573
3,192,28.0,28.0,29.175
3,193,28.0,28.0,29.175
3,194,28.0,28.0,29.209876543209877
3,195,28.0,28.0,29.265060240963855
3,196,28.0,28.0,29.269662921348313
3,197,28.0,28.0,29.311827956989248
3,198,28.0,28.0,29.130434782608695
3,199,28.0,28.0,29.261363636363637
3,200,28.0,28.0,29.25581395348837
3,201,28.0,28.0,29.21951219512195
3,202,28.0,28.0,29.261904761904763
3,203,28.0,28.0,29.46067415730337
3,204,28.0,28.0,29.273809523809526
3,205,28.0,28.0,29.5
3,206,28.0,28.0,29.273809523809526
3,207,28.0,28.0,29.142857142857142
3,208,28.0,28.0,29.232558139534884
3,209,28.0,28.0,29.211111111111112
3,210,28.0,28.0,29.17241379310345
3,211,28.0,28.0,29.304878048780488
3,212,28.0,28.0,29.36046511627907
3,213,28.0,28.0,29.40909090909091
3,214,28.0,28.0,29.27710843373494
3,215,28.0,28.0,29.397590361445783
3,216,28.0,28.0,29.258426966292134
3,217,28.0,28.0,29.333333333333332
3,218,28.0,28.0,29.3855421686747
3,219,28.0,28.0,29.28205128205128
3,220,28.0,28.0,29.158536585365855
3,221,28.0,28.0,29.402298850574713
3,222,28.0,28.0,29.2125
3,223,28.0,28.0,29.25609756097561
3,224,28.0,28.0,29.24705882352941
3,225,28.0,28.0,29.270588235294117
3,226,28.0,28.0,29.325581395348838
3,227,28.0,28.0,29.333333333333332
3,228,28.0,28.0,29.337078651685392
3,229,28.0,28.0,29.397849462365592
3,230,28.0,28.0,29.36144578313253
3,231,28.0,28.0,29.325301204819276
3,232,28.0,28.0,29.50588235294118
3,233,28.0,28.0,29.494505494505493
3,234,28.0,28.0,29.46153846153846
3,235,28.0,28.0,29.476190476190474
3,236,28.0,28.0,29.263157894736842
3,237,28.0,28.0,29.358024691358025
3,238,28.0,28.0,29.19753086419753
3,239,28.0,28.0,29.25925925925926
3,240,28.0,28.0,29.406593406593405
3,241,28.0,28.0,29.285714285714285
3,242,28.0,28.0,29.352941176470587
3,243,28.0,28.0,29.341176470588234
3,244,28.0,28.0,29.389473684210525
3,245,28.0,28.0,29.414634146341463
3,246,28.0,28.0,29.348837209302324
3,247,28.0,28.0,29.36904761904762
3,248,28.0,28.0,29.256756756756758
3,249,28.0,28.0,29.333333333333332
3,250,28.0,28.0,29.27906976744186
4,1,29.0,29.0,30.26
4,2,28.0,28.0,30.086021505376344
4,3,28.0,28.0,29.852272727272727
4,4,28.0,28.0,29.91566265060241
4,5,28.0,28.0,29.816091954022987
4,6,28.0,28.0,29.727272727272727
4,7,28.0,28.0,29.820224719101123
4,8,28.0,28.0,29.741176470588236
4,9,28.0,28.0,29.727272727272727
4,10,28.0,28.0,29.623529411764707
4,11,28.0,28.0,29.542168674698797
4,12,28.0,28.0,29.345238095238095
4,13,28.0,28.0,29.377777777777776
4,14,28.0,28.0,29.366666666666667
4,15,28.0,28.0,29.348314606741575
4,16,28.0,28.0,29.23076923076923
4,17,28.0,28.0,29.24137931034483
4,18,28.0,28.0,29.382022471910112
4,19,28.0,28.0,29.32183908045977
4,20,28.0,28.0,29.181818181818183
4,21,28.0,28.0,29.255555555555556
4,22,28.0,28.0,29.363636363636363
4,23,28.0,28.0,29.3625
4,24,28.0,28.0,29.32
4,25,28.0,28.0,29.49425287356322
4,26,28.0,28.0,29.518072289156628
4,27,28.0,28.0,29.476744186046513
4,28,28.0,28.0,29.5375
4,29,28.0,28.0,29.597560975609756
4,30,28.0,28.0,29.38372093023256
4,31,28.0,28.0,29.482758620689655
4,32,28.0,28.0,29.5
4,33,28.0,28.0,29.34090909090909
4,34,28.0,28.0,29.466666666666665
4,35,28.0,28.0,29.481927710843372
4,36,28.0,28.0,29.488372093023255
4,37,28.0,28.0,29.370786516853933
4,38,28.0,28.0,29.359550561797754
4,39,28.0,28.0,29.32967032967033
4,40,28.0,28.0,29.206521739130434
4,41,28.0,28.0,29.305882352941175
4,42,28.0,28.0,29.475609756097562
4,43,28.0,28.0,29.202380952380953
4,44,28.0,28.0,29.27173913043478
4,45,28.0,28.0,29.348314606741575
4,46,28.0,28.0,29.204819277108435
4,47,28.0,28.0,29.202247191011235
4,48,28.0,28.0,29.310344827586206
4,49,28.0,28.0,29.35632183908046
4,50,28.0,28.0,29.29268292682927
4,51,28.0,28.0,29.137931034482758
4,52,28.0,28.0,29.31111111111111
4,53,28.0,28.0,29.214285714285715
4,54,28.0,28.0,29.273809523809526
4,55,28.0,28.0,29.235294117647058
4,56,28.0,28.0,29.24137931034483
4,57,28.0,28.0,29.183908045977013
4,58,28.0,28.0,29.023255813953487
4,59,28.0,28.0,29.295454545454547
4,60,28.0,28.0,29.238636363636363
4,61,28.0,28.0,29.3
4,62,28.0,28.0,29.224719101123597
4,63,28.0,28.0,29.211111111111112
4,64,28.0,28.0,29.204545454545453
4,65,28.0,28.0,29.233333333333334
4,66,28.0,28.0,29.142857142857142
4,67,28.0,28.0,28.988372093023255
4,68,28.0,28.0,29.2
4,69,28.0,28.0,29.127659574468087
4,70,28.0,28.0,29.03529411764706
4,71,28.0,28.0,29.1123595505618
4,72,28.0,28.0,29.11764705882353
4,73,28.0,28.0,29.267441860465116
4,74,28.0,28.0,29.273809523809526
4,75,28.0,28.0,29.2
4,76,28.0,28.0,29.352272727272727
4,77,28.0,28.0,29.096385542168676
4,78,28.0,28.0,29.23076923076923
4,79,28.0,28.0,29.091954022988507
4,80,28.0,28.0,29.10112359550562
4,81,28.0,28.0,29.1875
4,82,28.0,28.0,29.285714285714285
4,83,28.0,28.0,29.133333333333333
4,84,28.0,28.0,29.191011235955056
4,85,28.0,28.0,29.348314606741575
4,86,28.0,28.0,29.45977011494253
4,87,28.0,28.0,29.384615384615383
4,88,28.0,28.0,29.467391304347824
4,89,28.0,28.0,29.530864197530864
4,90,28.0,28.0,29.413793103448278
4,91,28.0,28.0,29.314606741573034
4,92,28.0,28.0,29.3953488372093
4,93,28.0,28.0,29.59036144578313
4,94,28.0,28.0,29.542168674698797
4,95,28.0,28.0,29.488372093023255
4,96,28.0,28.0,29.469135802469136
4,97,28.0,28.0,29.3
4,98,28.0,28.0,29.305882352941175
4,99,28.0,28.0,29.31764705882353
4,100,28.0,28.0,29.348837209302324
4,101,28.0,28.0,29.528735632183906
4,102,28.0,28.0,29.45679012345679
4,103,28.0,28.0,29.406976744186046
4,104,28.0,28.0,29.273809523809526
4,105,28.0,28.0,29.453488372093023
4,106,28.0,28.0,29.44705882352941
4,107,28.0,28.0,29.523255813953487
4,108,28.0,28.0,29.391304347826086
4,109,28.0,28.0,29.36470588235294
4,110,28.0,28.0,29.523809523809526
4,111,28.0,28.0,29.329545454545453
4,112,28.0,28.0,29.193181818181817
4,113,28.0,28.0,29.375
4,114,28.0,28.0,29.551724137931036
4,115,28.0,28.0,29.378048780487806
4,116,28.0,28.0,29.232558139534884
4,117,28.0,28.0,29.11764705882353
4,118,28.0,28.0,29.233333333333334
4,119,28.0,28.0,29.344827586206897
4,120,28.0,28.0,29.37037037037037
4,121,28.0,28.0,29.42168674698795
4,122,28.0,28.0,29.49438202247191
4,123,28.0,28.0,29.311827956989248
4,124,28.0,28.0,29.445652173913043
4,125,28.0,28.0,29.413793103448278
4,126,28.0,28.0,29.318181818181817
4,127,28.0,28.0,29.423529411764704
4,128,28.0,28.0,29.453488372093023
4,129,28.0,28.0,29.481012658227847
4,130,28.0,28.0,29.709302325581394
4,131,28.0,28.0,29.488095238095237
4,132,28.0,28.0,29.430232558139537
4,133,28.0,28.0,29.466666666666665
4,134,28.0,28.0,29.3855421686747
4,135,28.0,28.0,29.341772151898734
4,136,28.0,28.0,29.13186813186813
4,137,28.0,28.0,29.392857142857142
4,138,28.0,28.0,29.367816091954023
4,139,28.0,28.0,29.265060240963855
4,140,28.0,28.0,29.310344827586206
4,141,28.0,28.0,29.2
4,142,28.0,28.0,29.318181818181817
4,143,28.0,28.0,29.39080459770115
4,144,28.0,28.0,29.363636363636363
4,145,28.0,28.0,29.296703296703296
4,146,28.0,28.0,29.3
4,147,28.0,28.0,29.379310344827587
4,148,28.0,28.0,29.306818181818183
4,149,28.0,28.0,29.431818181818183
4,150,28.0,28.0,29.406593406593405
4,151,28.0,28.0,29.20689655172414
4,152,28.0,28.0,29.31764705882353
4,153,28.0,28.0,29.295454545454547
4,154,28.0,28.0,29.329545454545453
4,155,28.0,28.0,29.477272727272727
4,156,28.0,28.0,29.430232558139537
4,157,28.0,28.0,29.395061728395063
4,158,28.0,28.0,29.313953488372093
4,159,28.0,28.0,29.337078651685392
4,160,28.0,28.0,29.53488372093023
4,161,28.0,28.0,29.443181818181817
4,162,28.0,28.0,29.435294117647057
4,163,28.0,28.0,29.40909090909091
4,164,28.0,28.0,29.17283950617284
4,165,28.0,28.0,29.313953488372093
4,166,28.0,28.0,29.2
4,167,28.0,28.0,29.48235294117647
4,168,28.0,28.0,29.402439024390244
4,169,28.0,28.0,29.3375
4,170,28.0,28.0,29.186046511627907
4,171,28.0,28.0,29.103448275862068
4,172,28.0,28.0,29.2
4,173,28.0,28.0,29.160493827160494
4,174,28.0,28.0,29.285714285714285
4,175,28.0,28.0,29.142857142857142
4,176,28.0,28.0,29.16470588235294
4,177,28.0,28.0,29.2183908045977
4,178,28.0,28.0,29.238636363636363
4,179,28.0,28.0,29.38372093023256
4,180,28.0,28.0,29.329268292682926
4,181,28.0,28.0,29.154761904761905
4,182,28.0,28.0,29.022727272727273
4,183,28.0,28.0,29.226190476190474
4,184,28.0,28.0,29.392857142857142
4,185,28.0,28.0,29.464285714285715
4,186,28.0,28.0,29.420454545454547
4,187,28.0,28.0,29.388235294117646
4,188,28.0,28.0,29.295454545454547
4,189,28.0,28.0,29.301075268817204
4,190,28.0,28.0,29.46590909090909
4,191,28.0,28.0,29.28235294117647
4,192,28.0,28.0,29.23076923076923
4,193,28.0,28.0,29.32183908045977
4,194,28.0,28.0,29.54255319148936
4,195,28.0,28.0,29.6
4,196,28.0,28.0,29.523255813953487
4,197,28.0,28.0,29.426966292134832
4,198,28.0,28.0,29.375
4,199,28.0,28.0,29.21518987341772
4,200,28.0,28.0,29.4468085106383
4,201,28.0,28.0,29.505494505494507
4,202,28.0,28.0,29.454545454545453
4,203,28.0,28.0,29.488888888888887
4,204,28.0,28.0,29.261363636363637
4,205,28.0,28.0,29.353658536585368
4,206,28.0,28.0,29.228915662650603
4,207,28.0,28.0,29.24390243902439
4,208,28.0,28.0,29.10843373493976
4,209,28.0,28.0,29.28409090909091
4,210,28.0,28.0,29.228915662650603
4,211,28.0,28.0,29.17241379310345
4,212,28.0,28.0,28.86046511627907
4,213,28.0,28.0,29.181818181818183
4,214,28.0,28.0,29.352272727272727
4,215,28.0,28.0,29.3
4,216,28.0,28.0,29.21978021978022
4,217,28.0,28.0,29.358695652173914
4,218,28.0,28.0,29.304878048780488
4,219,28.0,28.0,29.290697674418606
4,220,28.0,28.0,29.358695652173914
4,221,28.0,28.0,29.304347826086957
4,222,28.0,28.0,29.36470588235294
4,223,28.0,28.0,29.342105263157894
4,224,28.0,28.0,29.227272727272727
4,225,28.0,28.0,29.19047619047619
4,226,28.0,28.0,29.246913580246915
4,227,28.0,28.0,29.333333333333332
4,228,28.0,28.0,29.308641975308642
4,229,28.0,28.0,29.253521126760564
4,230,28.0,28.0,29.329113924050635
4,231,28.0,28.0,29.32183908045977
4,232,28.0,28.0,29.382716049382715
4,233,28.0,28.0,29.417721518987342
4,234,28.0,28.0,29.423529411764704
4,235,28.0,28.0,29.27710843373494
4,236,28.0,28.0,29.48235294117647
4,237,28.0,28.0,29.44705882352941
4,238,28.0,28.0,29.36046511627907
4,239,28.0,28.0,29.395061728395063
4,240,28.0,28.0,29.329268292682926
4,241,28.0,28.0,29.38372093023256
4,242,28.0,28.0,29.53846153846154
4,243,28.0,28.0,29.682926829268293
4,244,28.0,28.0,29.363636363636363
4,245,28.0,28.0,29.365853658536587
4,246,28.0,28.0,29.355263157894736
4,247,28.0,28.0,29.105882352941176
4,248,28.0,28.0,29.1875
4,249,28.0,28.0,29.141025641025642
4,250,28.0,28.0,29.273809523809526
5,1,28.0,28.0,30.15
5,2,28.0,28.0,30.02247191011236
5,3,28.0,28.0,29.86904761904762
5,4,28.0,28.0,29.852272727272727
5,5,28.0,28.0,29.818181818181817
5,6,28.0,28.0,29.6046511627907
5,7,28.0,28.0,29.626506024096386
5,8,28.0,28.0,29.626506024096386
5,9,28.0,28.0,29.666666666666668
5,10,28.0,28.0,29.49425287356322
5,11,28.0,28.0,29.63953488372093
5,12,28.0,28.0,29.576470588235296
5,13,28.0,28.0,29.621951219512194
5,14,28.0,28.0,29.63529411764706
5,15,28.0,28.0,29.615384615384617
5,16,28.0,28.0,29.44047619047619
5,17,28.0,28.0,29.4
5,18,28.0,28.0,29.444444444444443
5,19,28.0,28.0,29.593023255813954
5,20,28.0,28.0,29.59090909090909
5,21,28.0,28.0,29.622222222222224
5,22,28.0,28.0,29.617977528089888
5,23,28.0,28.0,29.547619047619047
5,24,28.0,28.0,29.546511627906977
5,25,28.0,28.0,29.511111111111113
5,26,28.0,28.0,29.40909090909091
5,27,28.0,28.0,29.50588235294118
5,28,28.0,28.0,29.55294117647059
5,29,28.0,28.0,29.626506024096386
5,30,28.0,28.0,29.696629213483146
5,31,28.0,28.0,29.55952380952381
5,32,28.0,28.0,29.528735632183906
5,33,28.0,28.0,29.57471264367816
5,34,28.0,28.0,29.481927710843372
5,35,28.0,28.0,29.46511627906977
5,36,28.0,28.0,29.359550561797754
5,37,28.0,28.0,29.348314606741575
5,38,28.0,28.0,29.271604938271604
5,39,28.0,28.0,29.253164556962027
5,40,28.0,28.0,29.164556962025316
5,41,28.0,28.0,29.30952380952381
5,42,28.0,28.0,29.382022471910112
5,43,28.0,28.0,29.406593406593405
5,44,28.0,28.0,29.297619047619047
5,45,28.0,28.0,29.27906976744186
5,46,28.0,28.0,29.24390243902439
5,47,28.0,28.0,29.413793103448278
5,48,28.0,28.0,29.5
5,49,28.0,28.0,29.529411764705884
5,50,28.0,28.0,29.607142857142858
5,51,28.0,28.0,29.53932584269663
5,52,28.0,28.0,29.470588235294116
5,53,28.0,28.0,29.337078651685392
5,54,28.0,28.0,29.516129032258064
5,55,28.0,28.0,29.348837209302324
5,56,28.0,28.0,29.240963855421686
5,57,28.0,28.0,29.253012048192772
5,58,28.0,28.0,29.22222222222222
5,59,28.0,28.0,29.164556962025316
5,60,28.0,28.0,29.120481927710845
5,61,28.0,28.0,29.261904761904763
5,62,28.0,28.0,29.388235294117646
5,63,28.0,28.0,29.064935064935064
5,64,28.0,28.0,29.4125
5,65,28.0,28.0,29.134831460674157
5,66,28.0,28.0,29.162790697674417
5,67,28.0,28.0,29.425
5,68,28.0,28.0,29.32941176470588
5,69,28.0,28.0,29.3953488372093
5,70,28.0,28.0,29.3953488372093
5,71,28.0,28.0,29.313253012048193
5,72,28.0,28.0,29.482758620689655
5,73,28.0,28.0,29.457831325301203
5,74,28.0,28.0,29.423529411764704
5,75,28.0,28.0,29.40506329113924
5,76,28.0,28.0,29.243589743589745
5,77,28.0,28.0,29.558139534883722
5,78,28.0,28.0,29.420454545454547
5,79,28.0,28.0,29.305882352941175
5,80,28.0,28.0,29.353658536585368
5,81,28.0,28.0,29.333333333333332
5,82,28.0,28.0,29.49462365591398
5,83,28.0,28.0,29.522727272727273
5,84,28.0,28.0,29.434782608695652
5,85,28.0,28.0,29.488636363636363
5,86,28.0,28.0,29.27848101265823
5,87,28.0,28.0,29.415730337078653
5,88,28.0,28.0,29.333333333333332
5,89,28.0,28.0,29.202247191011235
5,90,28.0,28.0,29.240963855421686
5,91,28.0,28.0,29.34090909090909
5,92,28.0,28.0,29.234567901234566
5,93,28.0,28.0,29.303370786516854
5,94,28.0,28.0,29.295454545454547
5,95,28.0,28.0,29.341463414634145
5,96,28.0,28.0,29.337209302325583
5,97,28.0,28.0,29.488636363636363
5,98,28.0,28.0,29.451219512195124
5,99,28.0,28.0,29.303797468354432
5,100,28.0,28.0,29.27710843373494
5,101,28.0,28.0,29.226190476190474
5,102,28.0,28.0,29.21794871794872
5,103,28.0,28.0,29.204819277108435
5,104,28.0,28.0,29.28735632183908
5,105,28.0,28.0,29.3855421686747
5,106,28.0,28.0,29.24705882352941
5,107,28.0,28.0,29.431818181818183
5,108,28.0,28.0,29.280898876404493
5,109,28.0,28.0,29.453488372093023
5,110,28.0,28.0,29.349397590361445
5,111,28.0,28.0,29.36904761904762
5,112,28.0,28.0,29.28048780487805
5,113,28.0,28.0,29.26829268292683
5,114,28.0,28.0,29.273809523809526
5,115,28.0,28.0,29.211111111111112
5,116,28.0,28.0,29.16304347826087
5,117,28.0,28.0,29.32183908045977
5,118,28.0,28.0,29.375
5,119,28.0,28.0,29.2875
5,120,28.0,28.0,29.129411764705882
5,121,28.0,28.0,29.214285714285715
5,122,28.0,28.0,29.261363636363637
5,123,28.0,28.0,29.288888888888888
5,124,28.0,28.0,29.244444444444444
5,125,28.0,28.0,29.344444444444445
5,126,28.0,28.0,29.41304347826087
5,127,28.0,28.0,29.54945054945055
5,128,28.0,28.0,29.352272727272727
5,129,28.0,28.0,29.352941176470587
5,130,28.0,28.0,29.41111111111111
5,131,28.0,28.0,29.585365853658537
5,132,28.0,28.0,29.414634146341463
5,133,28.0,28.0,29.511627906976745
5,134,28.0,28.0,29.55952380952381
5,135,28.0,28.0,29.511111111111113
5,136,28.0,28.0,29.523255813953487
5,137,28.0,28.0,29.320987654320987
5,138,28.0,28.0,29.292134831460675
5,139,28.0,28.0,29.168539325842698
5,140,28.0,28.0,29.164835164835164
5,141,28.0,28.0,29.3375
5,142,28.0,28.0,29.377777777777776
5,143,28.0,28.0,29.337349397590362
5,144,28.0,28.0,29.258823529411764
5,145,28.0,28.0,29.180722891566266
5,146,28.0,28.0,29.272727272727273
5,147,28.0,28.0,29.181818181818183
5,148,28.0,28.0,29.204819277108435
5,149,28.0,28.0,29.22222222222222
5,150,28.0,28.0,29.23076923076923
5,151,28.0,28.0,29.19753086419753
5,152,28.0,28.0,29.373493975903614
5,153,28.0,28.0,29.5609756097561
5,154,28.0,28.0,29.686046511627907
5,155,28.0,28.0,29.431818181818183
5,156,28.0,28.0,29.482758620689655
5,157,28.0,28.0,29.49397590361446
5,158,28.0,28.0,29.45054945054945
5,159,28.0,28.0,29.45054945054945
5,160,28.0,28.0,29.584269662921347
5,161,28.0,28.0,29.50574712643678
5,162,28.0,28.0,29.488372093023255
5,163,28.0,28.0,29.42222222222222
5,164,28.0,28.0,29.46808510638298
5,165,28.0,28.0,29.29268292682927
5,166,28.0,28.0,29.4875
5,167,28.0,28.0,29.423529411764704
5,168,28.0,28.0,29.232558139534884
5,169,28.0,28.0,29.310344827586206
5,170,28.0,28.0,29.63095238095238
5,171,28.0,28.0,29.57471264367816
5,172,28.0,28.0,29.670454545454547
5,173,28.0,28.0,29.654761904761905
5,174,28.0,28.0,29.566265060240966
5,175,28.0,28.0,29.417721518987342
5,176,28.0,28.0,29.22093023255814
5,177,28.0,28.0,29.307692307692307
5,178,28.0,28.0,29.280898876404493
5,179,28.0,28.0,29.404761904761905
5,180,28.0,28.0,29.28735632183908
5,181,28.0,28.0,29.378048780487806
5,182,28.0,28.0,29.337349397590362
5,183,28.0,28.0,29.275862068965516
5,184,28.0,28.0,29.366666666666667
5,185,28.0,28.0,29.292134831460675
5,186,28.0,28.0,29.36263736263736
5,187,28.0,28.0,29.333333333333332
5,188,28.0,28.0,29.290697674418606
5,189,28.0,28.0,29.444444444444443
5,190,28.0,28.0,29.43820224719101
5,191,28.0,28.0,29.453488372093023
5,192,28.0,28.0,29.40740740740741
5,193,28.0,28.0,29.46590909090909
5,194,28.0,28.0,29.476744186046513
5,195,28.0,28.0,29.232558139534884
5,196,28.0,28.0,29.305882352941175
5,197,28.0,28.0,29.216867469879517
5,198,28.0,28.0,29.451219512195124
5,199,28.0,28.0,29.390243902439025
5,200,28.0,28.0,29.294117647058822
5,201,28.0,28.0,29.275
5,202,28.0,28.0,29.416666666666668
5,203,28.0,28.0,29.392857142857142
5,204,28.0,28.0,29.329268292682926
5,205,28.0,28.0,29.12087912087912
5,206,28.0,28.0,29.325842696629213
5,207,28.0,28.0,29.36263736263736
5,208,28.0,28.0,29.310344827586206
5,209,28.0,28.0,29.41176470588235
5,210,28.0,28.0,29.325581395348838
5,211,28.0,28.0,29.180722891566266
5,212,28.0,28.0,29.313953488372093
5,213,28.0,28.0,29.337078651685392
5,214,28.0,28.0,29.30952380952381
5,215,28.0,28.0,29.32941176470588
5,216,28.0,28.0,29.3953488372093
5,217,28.0,28.0,29.518987341772153
5,218,28.0,28.0,29.523255813953487
5,219,28.0,28.0,29.53488372093023
5,220,28.0,28.0,29.46153846153846
5,221,28.0,28.0,29.45977011494253
5,222,28.0,28.0,29.303370786516854
5,223,28.0,28.0,29.528735632183906
5,224,28.0,28.0,29.662790697674417
5,225,28.0,28.0,29.625
5,226,28.0,28.0,29.329545454545453
5,227,28.0,28.0,29.466666666666665
5,228,28.0,28.0,29.373493975903614
5,229,28.0,28.0,29.301204819277107
5,230,28.0,28.0,29.269662921348313
5,231,28.0,28.0,29.379310344827587
5,232,28.0,28.0,29.325842696629213
5,233,28.0,28.0,29.367816091954023
5,234,28.0,28.0,29.056818181818183
5,235,28.0,28.0,29.340425531914892
5,236,28.0,28.0,29.523255813953487
5,237,28.0,28.0,29.344827586206897
5,238,28.0,28.0,29.554347826086957
5,239,28.0,28.0,29.51764705882353
5,240,28.0,28.0,29.689655172413794
5,241,28.0,28.0,29.68235294117647
5,242,28.0,28.0,29.703703703703702
5,243,28.0,28.0,29.430379746835442
5,244,28.0,28.0,29.529411764705884
5,245,28.0,28.0,29.397435897435898
5,246,28.0,28.0,29.647058823529413
5,247,28.0,28.0,29.729411764705883
5,248,28.0,28.0,29.506172839506174
5,249,28.0,28.0,29.28235294117647
5,250,28.0,28.0,29.228915662650603
6,1,28.0,28.0,30.29
6,2,28.0,28.0,30.153846153846153
6,3,28.0,28.0,30.058139534883722
6,4,28.0,28.0,29.822222222222223
6,5,28.0,28.0,29.844444444444445
6,6,28.0,28.0,29.825581395348838
6,7,28.0,28.0,29.764705882352942
6,8,28.0,28.0,29.64367816091954
6,9,28.0,28.0,29.388235294117646
6,10,28.0,28.0,29.275862068965516
6,11,28.0,28.0,29.379310344827587
6,12,28.0,28.0,29.28395061728395
6,13,28.0,28.0,29.25287356321839
6,14,28.0,28.0,29.379310344827587
6,15,28.0,28.0,29.20689655172414
6,16,28.0,28.0,29.40909090909091
6,17,28.0,28.0,29.458823529411763
6,18,28.0,28.0,29.5
6,19,28.0,28.0,29.431818181818183
6,20,28.0,28.0,29.34090909090909
6,21,28.0,28.0,29.290697674418606
6,22,28.0,28.0,29.39080459770115
6,23,28.0,28.0,29.36470588235294
6,24,28.0,28.0,29.24137931034483
6,25,28.0,28.0,29.27777777777778
6,26,28.0,28.0,29.109756097560975
6,27,28.0,28.0,29.273809523809526
6,28,28.0,28.0,29.423076923076923
6,29,28.0,28.0,29.476190476190474
6,30,28.0,28.0,29.51764705882353
6,31,28.0,28.0,29.428571428571427
6,32,28.0,28.0,29.417721518987342
6,33,28.0,28.0,29.310344827586206
6,34,28.0,28.0,29.48780487804878
6,35,28.0,28.0,29.36986301369863
6,36,28.0,28.0,29.34567901234568
6,37,28.0,28.0,29.375
6,38,28.0,28.0,29.271604938271604
6,39,28.0,28.0,29.317073170731707
6,40,28.0,28.0,29.310344827586206
6,41,28.0,28.0,29.415730337078653
6,42,28.0,28.0,29.388235294117646
6,43,28.0,28.0,29.46808510638298
6,44,28.0,28.0,29.565217391304348
6,45,28.0,28.0,29.443037974683545
6,46,28.0,28.0,29.333333333333332
6,47,28.0,28.0,29.48913043478261
6,48,28.0,28.0,29.358695652173914
6,49,28.0,28.0,29.39080459770115
6,50,28.0,28.0,29.50574712643678
6,51,28.0,28.0,29.45679012345679
6,52,28.0,28.0,29.481927710843372
6,53,28.0,28.0,29.5
6,54,28.0,28.0,29.464285714285715
6,55,28.0,28.0,29.46511627906977
6,56,28.0,28.0,29.44943820224719
6,57,28.0,28.0,29.523255813953487
6,58,28.0,28.0,29.358695652173914
6,59,28.0,28.0,29.27777777777778
6,60,28.0,28.0,29.320987654320987
6,61,28.0,28.0,29.294871794871796
6,62,28.0,28.0,29.182926829268293
6,63,28.0,28.0,29.46590909090909
6,64,28.0,28.0,29.420454545454547
6,65,28.0,28.0,29.322222222222223
6,66,28.0,28.0,29.375
6,67,28.0,28.0,29.379310344827587
6,68,28.0,28.0,29.49438202247191
6,69,28.0,28.0,29.48780487804878
6,70,28.0,28.0,29.419753086419753
6,71,28.0,28.0,29.314606741573034
6,72,28.0,28.0,29.25925925925926
6,73,28.0,28.0,29.5
6,74,28.0,28.0,29.5609756097561
6,75,28.0,28.0,29.353658536585368
6,76,28.0,28.0,29.3
6,77,28.0,28.0,29.363636363636363
6,78,28.0,28.0,29.416666666666668
6,79,28.0,28.0,29.32608695652174
6,80,28.0,28.0,29.290697674418606
6,81,28.0,28.0,29.373493975903614
6,82,28.0,28.0,29.48148148148148
6,83,28.0,28.0,29.320987654320987
6,84,28.0,28.0,29.39080459770115
6,85,28.0,28.0,29.544444444444444
6,86,28.0,28.0,29.366666666666667
6,87,28.0,28.0,29.453488372093023
6,88,28.0,28.0,29.348837209302324
6,89,28.0,28.0,29.477272727272727
6,90,28.0,28.0,29.548780487804876
6,91,28.0,28.0,29.5
6,92,28.0,28.0,29.3855421686747
6,93,28.0,28.0,29.5
6,94,28.0,28.0,29.53488372093023
6,95,28.0,28.0,29.611764705882354
6,96,28.0,28.0,29.529411764705884
6,97,28.0,28.0,29.486842105263158
6,98,28.0,28.0,29.6
6,99,28.0,28.0,29.55
6,100,28.0,28.0,29.61038961038961
6,101,28.0,28.0,29.49367088607595
6,102,28.0,28.0,29.662337662337663
6,103,28.0,28.0,29.642857142857142
6,104,28.0,28.0,29.493506493506494
6,105,28.0,28.0,29.59493670886076
6,106,28.0,28.0,29.602409638554217
6,107,28.0,28.0,29.650602409638555
6,108,28.0,28.0,29.681818181818183
6,109,28.0,28.0,29.50574712643678
6,110,28.0,28.0,29.39080459770115
6,111,28.0,28.0,29.5
6,112,28.0,28.0,29.462365591397848
6,113,28.0,28.0,29.63953488372093
6,114,28.0,28.0,29.569767441860463
6,115,28.0,28.0,29.40449438202247
6,116,28.0,28.0,29.3855421686747
6,117,28.0,28.0,29.435294117647057
6,118,28.0,28.0,29.423529411764704
6,119,28.0,28.0,29.6144578313253
6,120,28.0,28.0,29.582278481012658
6,121,28.0,28.0,29.547619047619047
6,122,28.0,28.0,29.67058823529412
6,123,28.0,28.0,29.647727272727273
6,124,28.0,28.0,29.555555555555557
6,125,28.0,28.0,29.53932584269663
6,126,28.0,28.0,29.54022988505747
6,127,28.0,28.0,29.46590909090909
6,128,28.0,28.0,29.597560975609756
6,129,28.0,28.0,29.523255813953487
6,130,28.0,28.0,29.602272727272727
6,131,28.0,28.0,29.54945054945055
6,132,28.0,28.0,29.50588235294118
6,133,28.0,28.0,29.586206896551722
6,134,28.0,28.0,29.54945054945055
6,135,28.0,28.0,29.433734939759034
6,136,28.0,28.0,29.464285714285715
6,137,28.0,28.0,29.523809523809526
6,138,28.0,28.0,29.60919540229885
6,139,28.0,28.0,29.59090909090909
6,140,28.0,28.0,29.674698795180724
6,141,28.0,28.0,29.625
6,142,28.0,28.0,29.548780487804876
6,143,28.0,28.0,29.5
6,144,28.0,28.0,29.5
6,145,28.0,28.0,29.53846153846154
6,146,28.0,28.0,29.785714285714285
6,147,28.0,28.0,29.604938271604937
6,148,28.0,28.0,29.575
6,149,28.0,28.0,29.536585365853657
6,150,28.0,28.0,29.523809523809526
6,151,28.0,28.0,29.547619047619047
6,152,28.0,28.0,29.451219512195124
6,153,28.0,28.0,29.373493975903614
6,154,28.0,28.0,29.3375
6,155,28.0,28.0,29.48235294117647
6,156,28.0,28.0,29.60919540229885
6,157,28.0,28.0,29.725274725274726
6,158,28.0,28.0,29.60674157303371
6,159,28.0,28.0,29.52747252747253
6,160,28.0,28.0,29.57471264367816
6,161,28.0,28.0,29.78409090909091
6,162,28.0,28.0,29.571428571428573
6,163,28.0,28.0,29.476744186046513
6,164,28.0,28.0,29.57471264367816
6,165,28.0,28.0,29.448275862068964
6,166,28.0,28.0,29.42528735632184
6,167,28.0,28.0,29.477777777777778
6,168,28.0,28.0,29.423529411764704
6,169,28.0,28.0,29.464285714285715
6,170,28.0,28.0,29.544303797468356
6,171,28.0,28.0,29.428571428571427
6,172,28.0,28.0,29.24390243902439
6,173,28.0,28.0,29.388235294117646
6,174,28.0,28.0,29.620253164556964
6,175,28.0,28.0,29.630434782608695
6,176,28.0,28.0,29.52173913043478
6,177,28.0,28.0,29.677777777777777
6,178,28.0,28.0,29.63529411764706
6,179,28.0,28.0,29.733333333333334
6,180,28.0,28.0,29.67816091954023
6,181,28.0,28.0,29.738636363636363
6,182,28.0,28.0,29.46511627906977
6,183,28.0,28.0,29.511627906976745
6,184,28.0,28.0,29.50561797752809
6,185,28.0,28.0,29.53932584269663
6,186,28.0,28.0,29.477777777777778
6,187,28.0,28.0,29.53932584269663
6,188,28.0,28.0,29.52747252747253
6,189,28.0,28.0,29.576470588235296
6,190,28.0,28.0,29.571428571428573
6,191,28.0,28.0,29.51685393258427
6,192,28.0,28.0,29.602409638554217
6,193,28.0,28.0,29.583333333333332
6,194,28.0,28.0,29.67391304347826
6,195,28.0,28.0,29.636363636363637
6,196,28.0,28.0,29.602409638554217
6,197,28.0,28.0,29.556818181818183
6,198,28.0,28.0,29.476744186046513
6,199,28.0,28.0,29.56179775280899
6,200,28.0,28.0,29.582278481012658
6,201,28.0,28.0,29.632911392405063
6,202,28.0,28.0,29.655172413793103
6,203,28.0,28.0,29.536585365853657
6,204,28.0,28.0,29.48780487804878
6,205,28.0,28.0,29.476190476190474
6,206,28.0,28.0,29.53488372093023
6,207,28.0,28.0,29.529411764705884
6,208,28.0,28.0,29.555555555555557
6,209,28.0,28.0,29.571428571428573
6,210,28.0,28.0,29.51219512195122
6,211,28.0,28.0,29.444444444444443
6,212,28.0,28.0,29.388235294117646
6,213,28.0,28.0,29.5375
6,214,28.0,28.0,29.525
6,215,28.0,28.0,29.44
6,216,28.0,28.0,29.536585365853657
6,217,28.0,28.0,29.524390243902438
6,218,28.0,28.0,29.597701149425287
6,219,28.0,28.0,29.585365853658537
6,220,28.0,28.0,29.571428571428573
6,221,28.0,28.0,29.50574712643678
6,222,28.0,28.0,29.625
6,223,28.0,28.0,29.548780487804876
6,224,28.0,28.0,29.569767441860463
6,225,28.0,28.0,29.488636363636363
6,226,28.0,28.0,29.511904761904763
6,227,28.0,28.0,29.51685393258427
6,228,28.0,28.0,29.545454545454547
6,229,28.0,28.0,29.565217391304348
6,230,28.0,28.0,29.586206896551722
6,231,28.0,28.0,29.593406593406595
6,232,28.0,28.0,29.67032967032967
6,233,28.0,28.0,29.5
6,234,28.0,28.0,29.42168674698795
6,235,28.0,28.0,29.471910112359552
6,236,28.0,28.0,29.45977011494253
6,237,28.0,28.0,29.568181818181817
6,238,28.0,28.0,29.666666666666668
6,239,28.0,28.0,29.64835164835165
6,240,28.0,28.0,29.850574712643677
6,241,28.0,28.0,29.825581395348838
6,242,28.0,28.0,29.597560975609756
6,243,28.0,28.0,29.57777777777778
6,244,28.0,28.0,29.607142857142858
6,245,28.0,28.0,29.71590909090909
6,246,28.0,28.0,29.68235294117647
6,247,28.0,28.0,29.7375
6,248,28.0,28.0,29.730337078651687
6,249,28.0,28.0,29.827956989247312
6,250,28.0,28.0,29.64367816091954
7,1,28.0,28.0,30.3
7,2,28.0,28.0,30.166666666666668
7,3,28.0,28.0,29.988888888888887
7,4,28.0,28.0,29.880434782608695
7,5,28.0,28.0,29.966666666666665
7,6,28.0,28.0,29.861702127659573
7,7,28.0,28.0,29.82758620689655
7,8,28.0,28.0,29.770114942528735
7,9,28.0,28.0,29.857142857142858
7,10,28.0,28.0,29.697674418604652
7,11,28.0,28.0,29.808988764044944
7,12,28.0,28.0,29.66304347826087
7,13,28.0,28.0,29.702380952380953
7,14,28.0,28.0,29.57831325301205
7,15,28.0,28.0,29.64367816091954
7,16,28.0,28.0,29.632911392405063
7,17,28.0,28.0,29.61627906976744
7,18,28.0,28.0,29.658823529411766
7,19,28.0,28.0,29.45977011494253
7,20,28.0,28.0,29.46511627906977
7,21,28.0,28.0,29.49397590361446
7,22,28.0,28.0,29.53932584269663
7,23,28.0,28.0,29.593023255813954
7,24,28.0,28.0,29.622222222222224
7,25,28.0,28.0,29.697674418604652
7,26,28.0,28.0,29.701149425287355
7,27,28.0,28.0,29.666666666666668
7,28,28.0,28.0,29.63529411764706
7,29,28.0,28.0,29.49411764705882
7,30,28.0,28.0,29.644444444444446
7,31,28.0,28.0,29.642857142857142
7,32,28.0,28.0,29.5609756097561
7,33,28.0,28.0,29.77906976744186
7,34,28.0,28.0,29.580246913580247
7,35,28.0,28.0,29.582278481012658
7,36,28.0,28.0,29.506172839506174
7,37,28.0,28.0,29.4875
7,38,28.0,28.0,29.573170731707318
7,39,28.0,28.0,29.571428571428573
7,40,28.0,28.0,29.60674157303371
7,41,28.0,28.0,29.57471264367816
7,42,28.0,28.0,29.761363636363637
7,43,28.0,28.0,29.711111111111112
7,44,28.0,28.0,29.761904761904763
7,45,28.0,28.0,29.75
7,46,28.0,28.0,29.602272727272727
7,47,28.0,28.0,29.761363636363637
7,48,28.0,28.0,29.654761904761905
7,49,28.0,28.0,29.53846153846154
7,50,28.0,28.0,29.563218390804597
7,51,28.0,28.0,29.59550561797753
7,52,28.0,28.0,29.397590361445783
7,53,28.0,28.0,29.49397590361446
7,54,28.0,28.0,29.232558139534884
7,55,28.0,28.0,29.488095238095237
7,56,28.0,28.0,29.34090909090909
7,57,28.0,28.0,29.261363636363637
7,58,28.0,28.0,29.45977011494253
7,59,28.0,28.0,29.345238095238095
7,60,28.0,28.0,29.353658536585368
7,61,28.0,28.0,29.470588235294116
7,62,28.0,28.0,29.45679012345679
7,63,28.0,28.0,29.452380952380953
7,64,28.0,28.0,29.650602409638555
7,65,28.0,28.0,29.481927710843372
7,66,28.0,28.0,29.651162790697676
7,67,28.0,28.0,29.622222222222224
7,68,28.0,28.0,29.703296703296704
7,69,28.0,28.0,29.659574468085108
7,70,28.0,28.0,29.566666666666666
7,71,28.0,28.0,29.584269662921347
7,72,28.0,28.0,29.613636363636363
7,73,28.0,28.0,29.5
7,74,28.0,28.0,29.555555555555557
7,75,28.0,28.0,29.453488372093023
7,76,28.0,28.0,29.556818181818183
7,77,28.0,28.0,29.488372093023255
7,78,28.0,28.0,29.406593406593405
7,79,28.0,28.0,29.72222222222222
7,80,28.0,28.0,29.651685393258425
7,81,28.0,28.0,29.57608695652174
7,82,28.0,28.0,29.744444444444444
7,83,28.0,28.0,29.63157894736842
7,84,28.0,28.0,29.506172839506174
7,85,28.0,28.0,29.6125
7,86,28.0,28.0,29.526315789473685
7,87,28.0,28.0,29.452380952380953
7,88,28.0,28.0,29.4390243902439
7,89,28.0,28.0,29.5
7,90,28.0,28.0,29.296296296296298
7,91,28.0,28.0,29.448275862068964
7,92,28.0,28.0,29.47826086956522
7,93,28.0,28.0,29.511627906976745
7,94,28.0,28.0,29.50588235294118
7,95,28.0,28.0,29.705882352941178
7,96,28.0,28.0,29.640449438202246
7,97,28.0,28.0,29.68235294117647
7,98,28.0,28.0,29.666666666666668
7,99,28.0,28.0,29.709302325581394
7,100,28.0,28.0,29.810126582278482
7,101,28.0,28.0,29.593023255813954
7,102,28.0,28.0,29.571428571428573
7,103,28.0,28.0,29.563218390804597
7,104,28.0,28.0,29.544444444444444
7,105,28.0,28.0,29.524390243902438
7,106,28.0,28.0,29.511627906976745
7,107,28.0,28.0,29.471264367816094
7,108,28.0,28.0,29.48235294117647
7,109,28.0,28.0,29.60674157303371
7,110,28.0,28.0,29.59259259259259
7,111,28.0,28.0,29.49425287356322
7,112,28.0,28.0,29.49425287356322
7,113,28.0,28.0,29.318181818181817
7,114,28.0,28.0,29.433734939759034
7,115,28.0,28.0,29.4
7,116,28.0,28.0,29.548780487804876
7,117,28.0,28.0,29.49411764705882
7,118,28.0,28.0,29.432098765432098
7,119,28.0,28.0,29.583333333333332
7,120,28.0,28.0,29.58823529411765
7,121,28.0,28.0,29.428571428571427
7,122,28.0,28.0,29.382022471910112
7,123,28.0,28.0,29.420454545454547
7,124,28.0,28.0,29.566265060240966
7,125,28.0,28.0,29.529411764705884
7,126,28.0,28.0,29.55294117647059
7,127,28.0,28.0,29.481927710843372
7,128,28.0,28.0,29.670731707317074
7,129,28.0,28.0,29.488095238095237
7,130,28.0,28.0,29.463414634146343
7,131,28.0,28.0,29.583333333333332
7,132,28.0,28.0,29.530864197530864
7,133,28.0,28.0,29.691358024691358
7,134,28.0,28.0,29.634146341463413
7,135,28.0,28.0,29.694117647058825
7,136,28.0,28.0,29.70731707317073
7,137,28.0,28.0,29.455696202531644
7,138,28.0,28.0,29.64367816091954
7,139,28.0,28.0,29.681818181818183
7,140,28.0,28.0,29.6046511627907
7,141,28.0,28.0,29.71794871794872
7,142,28.0,28.0,29.662650602409638
7,143,28.0,28.0,29.50632911392405
7,144,28.0,28.0,29.567901234567902
7,145,28.0,28.0,29.705128205128204
7,146,28.0,28.0,29.529411764705884
7,147,28.0,28.0,29.651162790697676
7,148,28.0,28.0,29.321428571428573
7,149,28.0,28.0,29.423529411764704
7,150,28.0,28.0,29.571428571428573
7,151,28.0,28.0,29.43010752688172
7,152,28.0,28.0,29.441860465116278
7,153,28.0,28.0,29.5
7,154,28.0,28.0,29.548780487804876
7,155,28.0,28.0,29.455696202531644
7,156,28.0,28.0,29.48314606741573
7,157,28.0,28.0,29.433734939759034
7,158,28.0,28.0,29.313253012048193
7,159,28.0,28.0,29.44578313253012
7,160,28.0,28.0,29.5
7,161,28.0,28.0,29.28048780487805
7,162,28.0,28.0,29.423529411764704
7,163,28.0,28.0,29.386363636363637
7,164,28.0,28.0,29.423529411764704
7,165,28.0,28.0,29.25
7,166,28.0,28.0,29.388235294117646
7,167,28.0,28.0,29.402298850574713
7,168,28.0,28.0,29.214285714285715
7,169,28.0,28.0,29.3953488372093
7,170,28.0,28.0,29.301204819277107
7,171,28.0,28.0,29.392857142857142
7,172,28.0,28.0,29.511363636363637
7,173,28.0,28.0,29.55056179775281
7,174,28.0,28.0,29.436781609195403
7,175,28.0,28.0,29.586206896551722
7,176,28.0,28.0,29.617977528089888
7,177,28.0,28.0,29.53488372093023
7,178,28.0,28.0,29.44705882352941
7,179,28.0,28.0,29.39240506329114
7,180,28.0,28.0,29.4
7,181,28.0,28.0,29.3375
7,182,28.0,28.0,29.402439024390244
7,183,28.0,28.0,29.14814814814815
7,184,28.0,28.0,29.176470588235293
7,185,28.0,28.0,29.303797468354432
7,186,28.0,28.0,29.313253012048193
7,187,28.0,28.0,29.455555555555556
7,188,28.0,28.0,29.482758620689655
7,189,28.0,28.0,29.53409090909091
7,190,28.0,28.0,29.482758620689655
7,191,28.0,28.0,29.426966292134832
7,192,28.0,28.0,29.416666666666668
7,193,28.0,28.0,29.372093023255815
7,194,28.0,28.0,29.55056179775281
7,195,28.0,28.0,29.523255813953487
7,196,28.0,28.0,29.533333333333335
7,197,28.0,28.0,29.71264367816092
7,198,28.0,28.0,29.566265060240966
7,199,28.0,28.0,29.65909090909091
7,200,28.0,28.0,29.5
7,201,28.0,28.0,29.406593406593405
7,202,28.0,28.0,29.337209302325583
7,203,28.0,28.0,29.379310344827587
7,204,28.0,28.0,29.476744186046513
7,205,28.0,28.0,29.59036144578313
7,206,28.0,28.0,29.476190476190474
7,207,28.0,28.0,29.458823529411763
7,208,28.0,28.0,29.51685393258427
7,209,28.0,28.0,29.54022988505747
7,210,28.0,28.0,29.363636363636363
7,211,28.0,28.0,29.415730337078653
7,212,28.0,28.0,29.36046511627907
7,213,28.0,28.0,29.576470588235296
7,214,28.0,28.0,29.386363636363637
7,215,28.0,28.0,29.428571428571427
7,216,28.0,28.0,29.55128205128205
7,217,28.0,28.0,29.341463414634145
7,218,28.0,28.0,29.32941176470588
7,219,28.0,28.0,29.318181818181817
7,220,28.0,28.0,29.333333333333332
7,221,28.0,28.0,29.551724137931036
7,222,28.0,28.0,29.5
7,223,28.0,28.0,29.573170731707318
7,224,28.0,28.0,29.488095238095237
7,225,28.0,28.0,29.349397590361445
7,226,28.0,28.0,29.10843373493976
7,227,28.0,28.0,29.03846153846154
7,228,28.0,28.0,29.348314606741575
7,229,28.0,28.0,29.308641975308642
7,230,28.0,28.0,29.304878048780488
7,231,28.0,28.0,29.476190476190474
7,232,28.0,28.0,29.686046511627907
7,233,28.0,28.0,29.615384615384617
7,234,28.0,28.0,29.6
7,235,28.0,28.0,29.50574712643678
7,236,28.0,28.0,29.55056179775281
7,237,28.0,28.0,29.477777777777778
7,238,28.0,28.0,29.175824175824175
7,239,28.0,28.0,29.443181818181817
7,240,28.0,28.0,29.325
7,241,28.0,28.0,29.555555555555557
7,242,28.0,28.0,29.36470588235294
7,243,28.0,28.0,29.566265060240966
7,244,28.0,28.0,29.517241379310345
7,245,28.0,28.0,29.53932584269663
7,246,28.0,28.0,29.536585365853657
7,247,28.0,28.0,29.415730337078653
7,248,28.0,28.0,29.476744186046513
7,249,28.0,28.0,29.302325581395348
7,250,28.0,28.0,29.294117647058822
8,1,28.0,28.0,30.19
8,2,28.0,28.0,30.044444444444444
8,3,28.0,28.0,29.916666666666668
8,4,28.0,28.0,29.761904761904763
8,5,28.0,28.0,29.767441860465116
8,6,28.0,28.0,29.729411764705883
8,7,28.0,28.0,29.640449438202246
8,8,28.0,28.0,29.790697674418606
8,9,28.0,28.0,29.813186813186814
8,10,28.0,28.0,29.697674418604652
8,11,28.0,28.0,29.511627906976745
8,12,28.0,28.0,29.617283950617285
8,13,28.0,28.0,29.666666666666668
8,14,28.0,28.0,29.51851851851852
8,15,28.0,28.0,29.420454545454547
8,16,28.0,28.0,29.609756097560975
8,17,28.0,28.0,29.617977528089888
8,18,28.0,28.0,29.46987951807229
8,19,28.0,28.0,29.535714285714285
8,20,28.0,28.0,29.46987951807229
8,21,28.0,28.0,29.741176470588236
8,22,28.0,28.0,29.5609756097561
8,23,28.0,28.0,29.40506329113924
8,24,28.0,28.0,29.542168674698797
8,25,28.0,28.0,29.397590361445783
8,26,28.0,28.0,29.379310344827587
8,27,28.0,28.0,29.423529411764704
8,28,28.0,28.0,29.51086956521739
8,29,28.0,28.0,29.50561797752809
8,30,28.0,28.0,29.533333333333335
8,31,28.0,28.0,29.376470588235293
8,32,28.0,28.0,29.370786516853933
8,33,28.0,28.0,29.261904761904763
8,34,28.0,28.0,29.51219512195122
8,35,28.0,28.0,29.56179775280899
8,36,28.0,28.0,29.367816091954023
8,37,28.0,28.0,29.272727272727273
8,38,28.0,28.0,29.295454545454547
8,39,28.0,28.0,29.216867469879517
8,40,28.0,28.0,29.301204819277107
8,41,28.0,28.0,29.275862068965516
8,42,28.0,28.0,29.39325842696629
8,43,28.0,28.0,29.382022471910112
8,44,28.0,28.0,29.5
8,45,28.0,28.0,29.524390243902438
8,46,28.0,28.0,29.59036144578313
8,47,28.0,28.0,29.523809523809526
8,48,28.0,28.0,29.419753086419753
8,49,28.0,28.0,29.49438202247191
8,50,28.0,28.0,29.531645569620252
8,51,28.0,28.0,29.481927710843372
8,52,28.0,28.0,29.457831325301203
8,53,28.0,28.0,29.341772151898734
8,54,28.0,28.0,29.304878048780488
8,55,28.0,28.0,29.408602150537636
8,56,28.0,28.0,29.523255813953487
8,57,28.0,28.0,29.301204819277107
8,58,28.0,28.0,29.44943820224719
8,59,28.0,28.0,29.36470588235294
8,60,28.0,28.0,29.469135802469136
8,61,28.0,28.0,29.41025641025641
8,62,28.0,28.0,29.493827160493826
8,63,28.0,28.0,29.426829268292682
8,64,28.0,28.0,29.318181818181817
8,65,28.0,28.0,29.4
8,66,28.0,28.0,29.325842696629213
8,67,28.0,28.0,29.5
8,68,28.0,28.0,29.397727272727273
8,69,28.0,28.0,29.586206896551722
8,70,28.0,28.0,29.620689655172413
8,71,28.0,28.0,29.6046511627907
8,72,28.0,28.0,29.61904761904762
8,73,28.0,28.0,29.511627906976745
8,74,28.0,28.0,29.406593406593405
8,75,28.0,28.0,29.471910112359552
8,76,28.0,28.0,29.337209302325583
8,77,28.0,28.0,29.53191489361702
8,78,28.0,28.0,29.466666666666665
8,79,28.0,28.0,29.50574712643678
8,80,28.0,28.0,29.51219512195122
8,81,28.0,28.0,29.579545454545453
8,82,28.0,28.0,29.506172839506174
8,83,28.0,28.0,29.466666666666665
8,84,28.0,28.0,29.494505494505493
8,85,28.0,28.0,29.584269662921347
8,86,28.0,28.0,29.564705882352943
8,87,28.0,28.0,29.544444444444444
8,88,28.0,28.0,29.579545454545453
8,89,28.0,28.0,29.506172839506174
8,90,28.0,28.0,29.333333333333332
8,91,28.0,28.0,29.530864197530864
8,92,28.0,28.0,29.686046511627907
8,93,28.0,28.0,29.677419354838708
8,94,28.0,28.0,29.662790697674417
8,95,28.0,28.0,29.726190476190474
8,96,28.0,28.0,29.674698795180724
8,97,28.0,28.0,29.674698795180724
8,98,28.0,28.0,29.704545454545453
8,99,28.0,28.0,29.627906976744185
8,100,28.0,28.0,29.60674157303371
8,101,28.0,28.0,29.573170731707318
8,102,28.0,28.0,29.63095238095238
8,103,28.0,28.0,29.481927710843372
8,104,28.0,28.0,29.647727272727273
8,105,28.0,28.0,29.558139534883722
8,106,28.0,28.0,29.584269662921347
8,107,28.0,28.0,29.532608695652176
8,108,28.0,28.0,29.674418604651162
8,109,28.0,28.0,29.5609756097561
8,110,28.0,28.0,29.6875
8,111,28.0,28.0,29.59259259259259
8,112,28.0,28.0,29.68831168831169
8,113,28.0,28.0,29.632183908045977
8,114,28.0,28.0,29.523809523809526
8,115,28.0,28.0,29.44
8,116,28.0,28.0,29.544303797468356
8,117,28.0,28.0,29.57894736842105
8,118,28.0,28.0,29.632183908045977
8,119,28.0,28.0,29.7816091954023
8,120,28.0,28.0,29.627906976744185
8,121,28.0,28.0,29.63529411764706
8,122,28.0,28.0,29.623529411764707
8,123,28.0,28.0,29.51764705882353
8,124,28.0,28.0,29.698924731182796
8,125,28.0,28.0,29.571428571428573
8,126,28.0,28.0,29.727272727272727
8,127,28.0,28.0,29.625
8,128,28.0,28.0,29.546511627906977
8,129,28.0,28.0,29.471264367816094
8,130,28.0,28.0,29.586206896551722
8,131,28.0,28.0,29.704545454545453
8,132,28.0,28.0,29.658823529411766
8,133,28.0,28.0,29.675
8,134,28.0,28.0,29.70731707317073
8,135,28.0,28.0,29.70212765957447
8,136,28.0,28.0,29.730337078651687
8,137,28.0,28.0,29.696629213483146
8,138,28.0,28.0,29.569767441860463
8,139,28.0,28.0,29.63529411764706
8,140,28.0,28.0,29.545454545454547
8,141,28.0,28.0,29.406976744186046
8,142,28.0,28.0,29.46511627906977
8,143,28.0,28.0,29.4
8,144,28.0,28.0,29.488095238095237
8,145,28.0,28.0,29.402298850574713
8,146,28.0,28.0,29.556818181818183
8,147,28.0,28.0,29.488095238095237
8,148,28.0,28.0,29.486486486486488
8,149,28.0,28.0,29.38095238095238
8,150,28.0,28.0,29.451219512195124
8,151,28.0,28.0,29.395061728395063
8,152,28.0,28.0,29.397590361445783
8,153,28.0,28.0,29.367088607594937
8,154,28.0,28.0,29.329545454545453
8,155,28.0,28.0,29.2875
8,156,28.0,28.0,29.373493975903614
8,157,28.0,28.0,29.518987341772153
8,158,28.0,28.0,29.513513513513512
8,159,28.0,28.0,29.384615384615383
8,160,28.0,28.0,29.28
8,161,28.0,28.0,29.25
8,162,28.0,28.0,29.26923076923077
8,163,28.0,28.0,29.39240506329114
8,164,28.0,28.0,29.41176470588235
8,165,28.0,28.0,29.49397590361446
8,166,28.0,28.0,29.406976744186046
8,167,28.0,28.0,29.564102564102566
8,168,28.0,28.0,29.55
8,169,28.0,28.0,29.481012658227847
8,170,28.0,28.0,29.3625
8,171,28.0,28.0,29.36470588235294
8,172,28.0,28.0,29.402298850574713
8,173,28.0,28.0,29.376470588235293
8,174,28.0,28.0,29.45679012345679
8,175,28.0,28.0,29.367816091954023
8,176,28.0,28.0,29.4390243902439
8,177,28.0,28.0,29.627906976744185
8,178,28.0,28.0,29.44943820224719
8,179,28.0,28.0,29.776470588235295
8,180,28.0,28.0,29.6144578313253
8,181,28.0,28.0,29.645569620253166
8,182,28.0,28.0,29.573170731707318
8,183,28.0,28.0,29.593023255813954
8,184,28.0,28.0,29.50588235294118
8,185,28.0,28.0,29.36046511627907
8,186,28.0,28.0,29.44705882352941
8,187,28.0,28.0,29.27848101265823
8,188,28.0,28.0,29.355555555555554
8,189,28.0,28.0,29.32941176470588
8,190,28.0,28.0,29.223529411764705
8,191,28.0,28.0,29.482758620689655
8,192,28.0,28.0,29.55
8,193,28.0,28.0,29.426666666666666
8,194,28.0,28.0,29.301204819277107
8,195,28.0,28.0,29.41176470588235
8,196,28.0,28.0,29.455555555555556
8,197,28.0,28.0,29.426829268292682
8,198,28.0,28.0,29.329113924050635
8,199,28.0,28.0,29.325301204819276
8,200,28.0,28.0,29.42168674698795
8,201,28.0,28.0,29.38372093023256
8,202,28.0,28.0,29.523809523809526
8,203,28.0,28.0,29.617977528089888
8,204,28.0,28.0,29.595238095238095
8,205,28.0,28.0,29.5609756097561
8,206,28.0,28.0,29.46153846153846
8,207,28.0,28.0,29.45
8,208,28.0,28.0,29.329268292682926
8,209,28.0,28.0,29.414634146341463
8,210,28.0,28.0,29.321428571428573
8,211,28.0,28.0,29.36904761904762
8,212,28.0,28.0,29.367088607594937
8,213,28.0,28.0,29.273809523809526
8,214,28.0,28.0,29.24705882352941
8,215,28.0,28.0,29.289473684210527
8,216,28.0,28.0,29.261904761904763
8,217,28.0,28.0,29.329268292682926
8,218,28.0,28.0,29.390243902439025
8,219,28.0,28.0,29.378048780487806
8,220,28.0,28.0,29.379310344827587
8,221,28.0,28.0,29.426829268292682
8,222,28.0,28.0,29.455696202531644
8,223,28.0,28.0,29.419753086419753
8,224,28.0,28.0,29.376470588235293
8,225,28.0,28.0,29.482758620689655
8,226,28.0,28.0,29.511904761904763
8,227,28.0,28.0,29.352272727272727
8,228,28.0,28.0,29.414634146341463
8,229,28.0,28.0,29.454545454545453
8,230,28.0,28.0,29.63095238095238
8,231,28.0,28.0,29.617283950617285
8,232,28.0,28.0,29.627906976744185
8,233,28.0,28.0,29.696629213483146
8,234,28.0,28.0,29.813953488372093
8,235,28.0,28.0,29.698924731182796
8,236,28.0,28.0,29.517241379310345
8,237,28.0,28.0,29.5
8,238,28.0,28.0,29.58823529411765
8,239,28.0,28.0,29.529411764705884
8,240,28.0,28.0,29.72093023255814
8,241,28.0,28.0,29.49425287356322
8,242,28.0,28.0,29.707865168539325
8,243,28.0,28.0,29.463414634146343
8,244,28.0,28.0,29.546511627906977
8,245,28.0,28.0,29.3625
8,246,28.0,28.0,29.50588235294118
8,247,28.0,28.0,29.441860465116278
8,248,28.0,28.0,29.56179775280899
8,249,28.0,28.0,29.582417582417584
8,250,28.0,28.0,29.617977528089888
9,1,29.0,29.0,30.25
9,2,29.0,29.0,30.065934065934066
9,3,29.0,29.0,29.967032967032967
9,4,29.0,29.0,29.927710843373493
9,5,29.0,29.0,29.93258426966292
9,6,29.0,29.0,29.923076923076923
9,7,28.0,28.0,29.770114942528735
9,8,28.0,28.0,29.707865168539325
9,9,28.0,28.0,29.738636363636363
9,10,28.0,28.0,29.45977011494253
9,11,28.0,28.0,29.318681318681318
9,12,28.0,28.0,29.269662921348313
9,13,28.0,28.0,29.436781609195403
9,14,28.0,28.0,29.402298850574713
9,15,28.0,28.0,29.376470588235293
9,16,28.0,28.0,29.36470588235294
9,17,28.0,28.0,29.402298850574713
9,18,28.0,28.0,29.44705882352941
9,19,28.0,28.0,29.38888888888889
9,20,28.0,28.0,29.470588235294116
9,21,28.0,28.0,29.420454545454547
9,22,28.0,28.0,29.304347826086957
9,23,28.0,28.0,29.406976744186046
9,24,28.0,28.0,29.11392405063291
9,25,28.0,28.0,29.357142857142858
9,26,28.0,28.0,29.227848101265824
9,27,28.0,28.0,29.337209302325583
9,28,28.0,28.0,29.20689655172414
9,29,28.0,28.0,29.13953488372093
9,30,28.0,28.0,29.11764705882353
9,31,28.0,28.0,29.102272727272727
9,32,28.0,28.0,29.08235294117647
9,33,28.0,28.0,29.14814814814815
9,34,28.0,28.0,29.27710843373494
9,35,28.0,28.0,29.175
9,36,28.0,28.0,29.19047619047619
9,37,28.0,28.0,29.08641975308642
9,38,28.0,28.0,29.16304347826087
9,39,28.0,28.0,29.204545454545453
9,40,28.0,28.0,29.293478260869566
9,41,28.0,28.0,29.471910112359552
9,42,28.0,28.0,29.386363636363637
9,43,28.0,28.0,29.42528735632184
9,44,28.0,28.0,29.39325842696629
9,45,28.0,28.0,29.31645569620253
9,46,28.0,28.0,29.42528735632184
9,47,28.0,28.0,29.455555555555556
9,48,28.0,28.0,29.50574712643678
9,49,28.0,28.0,29.26829268292683
9,50,28.0,28.0,29.352272727272727
9,51,28.0,28.0,29.363636363636363
9,52,28.0,28.0,29.24705882352941
9,53,28.0,28.0,29.25974025974026
9,54,28.0,28.0,29.317073170731707
9,55,28.0,28.0,29.382022471910112
9,56,28.0,28.0,29.20689655172414
9,57,28.0,28.0,29.193181818181817
9,58,28.0,28.0,29.202247191011235
9,59,28.0,28.0,29.16867469879518
9,60,28.0,28.0,29.103896103896105
9,61,28.0,28.0,29.202380952380953
9,62,28.0,28.0,29.158536585365855
9,63,28.0,28.0,29.324675324675326
9,64,28.0,28.0,29.182926829268293
9,65,28.0,28.0,29.255555555555556
9,66,28.0,28.0,29.333333333333332
9,67,28.0,28.0,29.288888888888888
9,68,28.0,28.0,29.365591397849464
9,69,28.0,28.0,29.306818181818183
9,70,28.0,28.0,29.186813186813186
9,71,28.0,28.0,29.261363636363637
9,72,28.0,28.0,29.5
9,73,28.0,28.0,29.240506329113924
9,74,28.0,28.0,29.120481927710845
9,75,28.0,28.0,29.21978021978022
9,76,28.0,28.0,29.38372093023256
9,77,28.0,28.0,29.4
9,78,28.0,28.0,29.247191011235955
9,79,28.0,28.0,29.26595744680851
9,80,28.0,28.0,29.296296296296298
9,81,28.0,28.0,29.127906976744185
9,82,28.0,28.0,29.10112359550562
9,83,28.0,28.0,29.065934065934066
9,84,28.0,28.0,29.224719101123597
9,85,28.0,28.0,29.204301075268816
9,86,28.0,28.0,29.270588235294117
9,87,28.0,28.0,29.333333333333332
9,88,28.0,28.0,29.25609756097561
9,89,28.0,28.0,29.234567901234566
9,90,28.0,28.0,29.25
9,91,28.0,28.0,29.057471264367816
9,92,28.0,28.0,29.023255813953487
9,93,28.0,28.0,29.08108108108108
9,94,28.0,28.0,29.025641025641026
9,95,28.0,28.0,28.953488372093023
9,96,28.0,28.0,29.133333333333333
9,97,28.0,28.0,29.223529411764705
9,98,28.0,28.0,29.13953488372093
9,99,28.0,28.0,29.174418604651162
9,100,28.0,28.0,29.1375
9,101,28.0,28.0,29.023255813953487
9,102,28.0,28.0,29.071428571428573
9,103,28.0,28.0,29.158536585365855
9,104,28.0,28.0,29.073170731707318
9,105,28.0,28.0,29.11764705882353
9,106,28.0,28.0,29.302325581395348
9,107,28.0,28.0,29.226190476190474
9,108,28.0,28.0,29.085365853658537
9,109,28.0,28.0,29.238636363636363
9,110,28.0,28.0,29.48235294117647
9,111,28.0,28.0,29.202380952380953
9,112,28.0,28.0,29.266666666666666
9,113,28.0,28.0,29.325581395348838
9,114,28.0,28.0,29.3855421686747
9,115,28.0,28.0,29.36842105263158
9,116,28.0,28.0,29.240506329113924
9,117,28.0,28.0,29.2
9,118,28.0,28.0,29.214285714285715
9,119,28.0,28.0,29.164556962025316
9,120,28.0,28.0,29.23170731707317
9,121,28.0,28.0,29.297619047619047
9,122,28.0,28.0,29.546511627906977
9,123,28.0,28.0,29.5
9,124,28.0,28.0,29.180722891566266
9,125,28.0,28.0,29.2125
9,126,28.0,28.0,29.102564102564102
9,127,28.0,28.0,29.19753086419753
9,128,28.0,28.0,29.055555555555557
9,129,28.0,28.0,29.011363636363637
9,130,28.0,28.0,29.16867469879518
9,131,28.0,28.0,29.272727272727273
9,132,28.0,28.0,29.344827586206897
9,133,28.0,28.0,29.35632183908046
9,134,28.0,28.0,29.321428571428573
9,135,28.0,28.0,29.333333333333332
9,136,28.0,28.0,29.325581395348838
9,137,28.0,28.0,29.36904761904762
9,138,28.0,28.0,29.289156626506024
9,139,28.0,28.0,29.27906976744186
9,140,28.0,28.0,29.17283950617284
9,141,28.0,28.0,29.347826086956523
9,142,28.0,28.0,29.352941176470587
9,143,28.0,28.0,29.333333333333332
9,144,28.0,28.0,29.255555555555556
9,145,28.0,28.0,29.151162790697676
9,146,28.0,28.0,29.11764705882353
9,147,28.0,28.0,29.08235294117647
9,148,28.0,28.0,29.02409638554217
9,149,28.0,28.0,28.988636363636363
9,150,28.0,28.0,29.2
9,151,28.0,28.0,29.306818181818183
9,152,28.0,28.0,29.34065934065934
9,153,28.0,28.0,29.195121951219512
9,154,28.0,28.0,29.382022471910112
9,155,28.0,28.0,29.324675324675326
9,156,28.0,28.0,29.44578313253012
9,157,28.0,28.0,29.36470588235294
9,158,28.0,28.0,29.234567901234566
9,159,28.0,28.0,29.13953488372093
9,160,28.0,28.0,29.264367816091955
9,161,28.0,28.0,29.2
9,162,28.0,28.0,29.151162790697676
9,163,28.0,28.0,29.056818181818183
9,164,28.0,28.0,29.188235294117646
9,165,28.0,28.0,29.151162790697676
9,166,28.0,28.0,29.10112359550562
9,167,28.0,28.0,29.1
9,168,28.0,28.0,29.179775280898877
9,169,28.0,28.0,29.188235294117646
9,170,28.0,28.0,29.4125
9,171,28.0,28.0,29.435294117647057
9,172,28.0,28.0,29.19047619047619
9,173,28.0,28.0,29.305882352941175
9,174,28.0,28.0,29.388235294117646
9,175,28.0,28.0,29.392857142857142
9,176,28.0,28.0,29.648936170212767
9,177,28.0,28.0,29.476744186046513
9,178,28.0,28.0,29.3855421686747
9,179,28.0,28.0,29.265060240963855
9,180,28.0,28.0,29.471910112359552
9,181,28.0,28.0,29.435294117647057
9,182,28.0,28.0,29.41860465116279
9,183,28.0,28.0,29.289156626506024
9,184,28.0,28.0,29.477272727272727
9,185,28.0,28.0,29.511627906976745
9,186,28.0,28.0,29.382022471910112
9,187,28.0,28.0,29.47252747252747
9,188,28.0,28.0,29.45054945054945
9,189,28.0,28.0,29.285714285714285
9,190,28.0,28.0,29.195402298850574
9,191,28.0,28.0,29.30851063829787
9,192,28.0,28.0,29.258426966292134
9,193,28.0,28.0,29.318181818181817
9,194,28.0,28.0,29.303370786516854
9,195,28.0,28.0,29.333333333333332
9,196,28.0,28.0,29.31111111111111
9,197,28.0,28.0,29.36904761904762
9,198,28.0,28.0,29.325581395348838
9,199,28.0,28.0,29.292134831460675
9,200,28.0,28.0,29.40449438202247
9,201,28.0,28.0,29.289156626506024
9,202,28.0,28.0,29.388235294117646
9,203,28.0,28.0,29.348314606741575
9,204,28.0,28.0,29.48913043478261
9,205,28.0,28.0,29.481012658227847
9,206,28.0,28.0,29.522727272727273
9,207,28.0,28.0,29.455555555555556
9,208,28.0,28.0,29.337209302325583
9,209,28.0,28.0,29.306818181818183
9,210,28.0,28.0,29.35164835164835
9,211,28.0,28.0,29.297619047619047
9,212,28.0,28.0,29.36470588235294
9,213,28.0,28.0,29.325842696629213
9,214,28.0,28.0,29.414893617021278
9,215,28.0,28.0,29.322222222222223
9,216,28.0,28.0,29.255555555555556
9,217,28.0,28.0,29.27956989247312
9,218,28.0,28.0,29.264367816091955
9,219,28.0,28.0,29.197802197802197
9,220,28.0,28.0,29.170731707317074
9,221,28.0,28.0,29.02247191011236
9,222,28.0,28.0,29.03370786516854
9,223,28.0,28.0,29.13186813186813
9,224,28.0,28.0,29.16470588235294
9,225,28.0,28.0,29.154761904761905
9,226,28.0,28.0,29.32051282051282
9,227,28.0,28.0,29.113636363636363
9,228,28.0,28.0,29.08888888888889
9,229,28.0,28.0,29.318681318681318
9,230,28.0,28.0,29.322222222222223
9,231,28.0,28.0,29.186046511627907
9,232,28.0,28.0,29.096385542168676
9,233,28.0,28.0,29.1123595505618
9,234,28.0,28.0,29.3
9,235,28.0,28.0,29.337078651685392
9,236,28.0,28.0,29.292134831460675
9,237,28.0,28.0,29.22093023255814
9,238,28.0,28.0,29.146067415730336
9,239,28.0,28.0,29.17241379310345
9,240,28.0,28.0,29.285714285714285
9,241,28.0,28.0,29.183908045977013
9,242,28.0,28.0,29.255555555555556
9,243,28.0,28.0,29.137931034482758
9,244,28.0,28.0,29.204545454545453
9,245,28.0,28.0,29.182926829268293
9,246,28.0,28.0,29.28235294117647
9,247,28.0,28.0,29.24175824175824
9,248,28.0,28.0,29.24418604651163
9,249,28.0,28.0,29.297619047619047
9,250,28.0,28.0,29.4
10,1,28.0,28.0,30.32
10,2,28.0,28.0,30.152173913043477
10,3,28.0,28.0,29.950617283950617
10,4,28.0,28.0,29.71951219512195
10,5,28.0,28.0,29.71604938271605
10,6,28.0,28.0,29.674157303370787
10,7,28.0,28.0,29.613636363636363
10,8,28.0,28.0,29.547619047619047
10,9,28.0,28.0,29.50602409638554
10,10,28.0,28.0,29.545454545454547
10,11,28.0,28.0,29.808988764044944
10,12,28.0,28.0,29.770114942528735
10,13,28.0,28.0,29.388235294117646
10,14,28.0,28.0,29.41111111111111
10,15,28.0,28.0,29.408602150537636
10,16,28.0,28.0,29.455555555555556
10,17,28.0,28.0,29.426966292134832
10,18,28.0,28.0,29.382716049382715
10,19,28.0,28.0,29.435897435897434
10,20,28.0,28.0,29.42222222222222
10,21,28.0,28.0,29.522727272727273
10,22,28.0,28.0,29.576470588235296
10,23,28.0,28.0,29.6144578313253
10,24,28.0,28.0,29.470588235294116
10,25,28.0,28.0,29.419354838709676
10,26,28.0,28.0,29.666666666666668
10,27,28.0,28.0,29.593406593406595
10,28,28.0,28.0,29.560439560439562
10,29,28.0,28.0,29.620689655172413
10,30,28.0,28.0,29.585365853658537
10,31,28.0,28.0,29.6
10,32,28.0,28.0,29.518072289156628
10,33,28.0,28.0,29.61904761904762
10,34,28.0,28.0,29.730337078651687
10,35,28.0,28.0,29.670454545454547
10,36,28.0,28.0,29.511363636363637
10,37,28.0,28.0,29.45054945054945
10,38,28.0,28.0,29.49425287356322
10,39,28.0,28.0,29.44047619047619
10,40,28.0,28.0,29.565217391304348
10,41,28.0,28.0,29.586206896551722
10,42,28.0,28.0,29.674418604651162
10,43,28.0,28.0,29.650602409638555
10,44,28.0,28.0,29.564705882352943
10,45,28.0,28.0,29.53488372093023
10,46,28.0,28.0,29.44871794871795
10,47,28.0,28.0,29.57471264367816
10,48,28.0,28.0,29.651162790697676
10,49,28.0,28.0,29.38961038961039
10,50,28.0,28.0,29.583333333333332
10,51,28.0,28.0,29.4125
10,52,28.0,28.0,29.232558139534884
10,53,28.0,28.0,29.325842696629213
10,54,28.0,28.0,29.426829268292682
10,55,28.0,28.0,29.363636363636363
10,56,28.0,28.0,29.36470588235294
10,57,28.0,28.0,29.566666666666666
10,58,28.0,28.0,29.563218390804597
10,59,28.0,28.0,29.569767441860463
10,60,28.0,28.0,29.466666666666665
10,61,28.0,28.0,29.494505494505493
10,62,28.0,28.0,29.441860465116278
10,63,28.0,28.0,29.372093023255815
10,64,28.0,28.0,29.147727272727273
10,65,28.0,28.0,29.191011235955056
10,66,28.0,28.0,29.238095238095237
10,67,28.0,28.0,29.313253012048193
10,68,28.0,28.0,29.4390243902439
10,69,28.0,28.0,29.402298850574713
10,70,28.0,28.0,29.36144578313253
10,71,28.0,28.0,29.470588235294116
10,72,28.0,28.0,29.59090909090909
10,73,28.0,28.0,29.511904761904763
10,74,28.0,28.0,29.26829268292683
10,75,28.0,28.0,29.416666666666668
10,76,28.0,28.0,29.464285714285715
10,77,28.0,28.0,29.51764705882353
10,78,28.0,28.0,29.451219512195124
10,79,28.0,28.0,29.363636363636363
10,80,28.0,28.0,29.270588235294117
10,81,28.0,28.0,29.379746835443036
10,82,28.0,28.0,29.397260273972602
10,83,28.0,28.0,29.367816091954023
10,84,28.0,28.0,29.333333333333332
10,85,28.0,28.0,29.35
10,86,28.0,28.0,29.2875
10,87,28.0,28.0,29.464285714285715
10,88,28.0,28.0,29.569767441860463
10,89,28.0,28.0,29.522727272727273
10,90,28.0,28.0,29.41176470588235
10,91,28.0,28.0,29.433734939759034
10,92,28.0,28.0,29.593023255813954
10,93,28.0,28.0,29.571428571428573
10,94,28.0,28.0,29.4625
10,95,28.0,28.0,29.325581395348838
10,96,28.0,28.0,29.555555555555557
10,97,28.0,28.0,29.627659574468087
10,98,28.0,28.0,29.582417582417584
10,99,28.0,28.0,29.46511627906977
10,100,28.0,28.0,29.44578313253012
10,101,28.0,28.0,29.359550561797754
10,102,28.0,28.0,29.390243902439025
10,103,28.0,28.0,29.3855421686747
10,104,28.0,28.0,29.4375
10,105,28.0,28.0,29.320987654320987
10,106,28.0,28.0,29.103448275862068
10,107,28.0,28.0,29.333333333333332
10,108,28.0,28.0,29.197674418604652
10,109,28.0,28.0,29.266666666666666
10,110,28.0,28.0,29.296296296296298
10,111,28.0,28.0,29.40909090909091
10,112,28.0,28.0,29.47826086956522
10,113,28.0,28.0,29.51219512195122
10,114,28.0,28.0,29.294117647058822
10,115,28.0,28.0,29.488636363636363
10,116,28.0,28.0,29.317073170731707
10,117,28.0,28.0,29.2875
10,118,28.0,28.0,29.297619047619047
10,119,28.0,28.0,29.156626506024097
10,120,28.0,28.0,29.30952380952381
10,121,28.0,28.0,29.51685393258427
10,122,28.0,28.0,29.36904761904762
10,123,28.0,28.0,29.426966292134832
10,124,28.0,28.0,29.48235294117647
10,125,28.0,28.0,29.595238095238095
10,126,28.0,28.0,29.348837209302324
10,127,28.0,28.0,29.261363636363637
10,128,28.0,28.0,29.302325581395348
10,129,28.0,28.0,29.253012048192772
10,130,28.0,28.0,29.324675324675326
10,131,28.0,28.0,29.15909090909091
10,132,28.0,28.0,29.337349397590362
10,133,28.0,28.0,29.160919540229884
10,134,28.0,28.0,29.216867469879517
10,135,28.0,28.0,29.28235294117647
10,136,28.0,28.0,29.297619047619047
10,137,28.0,28.0,29.267441860465116
10,138,28.0,28.0,29.301204819277107
10,139,28.0,28.0,29.3
10,140,28.0,28.0,29.58823529411765
10,141,28.0,28.0,29.646341463414632
10,142,28.0,28.0,29.49397590361446
10,143,28.0,28.0,29.488372093023255
10,144,28.0,28.0,29.373626373626372
10,145,28.0,28.0,29.517241379310345
10,146,28.0,28.0,29.345238095238095
10,147,28.0,28.0,29.488372093023255
10,148,28.0,28.0,29.646341463414632
10,149,28.0,28.0,29.4390243902439
10,150,28.0,28.0,29.426829268292682
10,151,28.0,28.0,29.3875
10,152,28.0,28.0,29.15
10,153,28.0,28.0,29.48314606741573
10,154,28.0,28.0,29.345238095238095
10,155,28.0,28.0,29.297619047619047
10,156,28.0,28.0,29.583333333333332
10,157,28.0,28.0,29.662650602409638
10,158,28.0,28.0,29.790697674418606
10,159,28.0,28.0,29.655172413793103
10,160,28.0,28.0,29.658227848101266
10,161,28.0,28.0,29.6375
10,162,28.0,28.0,29.583333333333332
10,163,28.0,28.0,29.6
10,164,28.0,28.0,29.571428571428573
10,165,28.0,28.0,29.529411764705884
10,166,28.0,28.0,29.548780487804876
10,167,28.0,28.0,29.59036144578313
10,168,28.0,28.0,29.5609756097561
10,169,28.0,28.0,29.65909090909091
10,170,28.0,28.0,29.476190476190474
10,171,28.0,28.0,29.65909090909091
10,172,28.0,28.0,29.697674418604652
10,173,28.0,28.0,29.65
10,174,28.0,28.0,29.651162790697676
10,175,28.0,28.0,29.573033707865168
10,176,28.0,28.0,29.686046511627907
10,177,28.0,28.0,29.59090909090909
10,178,28.0,28.0,29.40740740740741
10,179,28.0,28.0,29.36470588235294
10,180,28.0,28.0,29.314606741573034
10,181,28.0,28.0,29.4
10,182,28.0,28.0,29.36144578313253
10,183,28.0,28.0,29.321428571428573
10,184,28.0,28.0,29.44047619047619
10,185,28.0,28.0,29.348837209302324
10,186,28.0,28.0,29.305882352941175
10,187,28.0,28.0,29.36470588235294
10,188,28.0,28.0,29.32608695652174
10,189,28.0,28.0,29.426829268292682
10,190,28.0,28.0,29.53488372093023
10,191,28.0,28.0,29.5609756097561
10,192,28.0,28.0,29.67816091954023
10,193,28.0,28.0,29.511363636363637
10,194,28.0,28.0,29.511363636363637
10,195,28.0,28.0,29.55294117647059
10,196,28.0,28.0,29.516483516483518
10,197,28.0,28.0,29.53488372093023
10,198,28.0,28.0,29.4875
10,199,28.0,28.0,29.436781609195403
10,200,28.0,28.0,29.488636363636363
10,201,28.0,28.0,29.46511627906977
10,202,28.0,28.0,29.44047619047619
10,203,28.0,28.0,29.5375
10,204,28.0,28.0,29.481012658227847
10,205,28.0,28.0,29.576470588235296
10,206,28.0,28.0,29.523255813953487
10,207,28.0,28.0,29.53932584269663
10,208,28.0,28.0,29.49397590361446
10,209,28.0,28.0,29.50574712643678
10,210,28.0,28.0,29.471910112359552
10,211,28.0,28.0,29.451219512195124
10,212,28.0,28.0,29.363636363636363
10,213,28.0,28.0,29.53488372093023
10,214,28.0,28.0,29.59090909090909
10,215,28.0,28.0,29.5
10,216,28.0,28.0,29.49425287356322
10,217,28.0,28.0,29.54320987654321
10,218,28.0,28.0,29.6144578313253
10,219,28.0,28.0,29.54022988505747
10,220,28.0,28.0,29.591397849462364
10,221,28.0,28.0,29.640449438202246
10,222,28.0,28.0,29.457831325301203
10,223,28.0,28.0,29.674157303370787
10,224,28.0,28.0,29.352272727272727
10,225,28.0,28.0,29.548387096774192
10,226,28.0,28.0,29.560439560439562
10,227,28.0,28.0,29.684782608695652
10,228,28.0,28.0,29.703296703296704
10,229,28.0,28.0,29.558139534883722
10,230,28.0,28.0,29.666666666666668
10,231,28.0,28.0,29.5
10,232,28.0,28.0,29.34090909090909
10,233,28.0,28.0,29.46511627906977
10,234,28.0,28.0,29.533333333333335
10,235,28.0,28.0,29.30952380952381
10,236,28.0,28.0,29.228915662650603
10,237,28.0,28.0,29.416666666666668
10,238,28.0,28.0,29.545454545454547
10,239,28.0,28.0,29.49397590361446
10,240,28.0,28.0,29.466666666666665
10,241,28.0,28.0,29.6
10,242,28.0,28.0,29.52
10,243,28.0,28.0,29.50561797752809
10,244,28.0,28.0,29.804347826086957
10,245,28.0,28.0,29.68235294117647
10,246,28.0,28.0,29.545454545454547
10,247,28.0,28.0,29.543478260869566
10,248,28.0,28.0,29.55056179775281
10,249,28.0,28.0,29.704545454545453
10,250,28.0,28.0,29.5
